DATA,CFCT,NC-R,NC-I,NC-C,NC-RUR,NC-PPU,NC-IPU,NC-SPU,NC-PRO,NC-TOTAL,PT,PT-INT,PT-ISO,PT-TOT,PNT-INT,PN-ISO,PNT-TOT,TEMP-MIN,TEMP-MAX,I-PLUV,U-REL,IPAGRO,MR-BF,Q-BF,MR-PS,IMR-TOT,I-AEC,PFI-IG,IV-CVA,PIB,PIB-I
2006-01-01,-0.6636074832333194,3.7459163218227287,0.05151983513653757,1.3199200913242004,24.86123283669297,4.882062534284137,10.588235294117654,11.260053619302957,0.743494423791824,3.8220981874074855,21.82065287961288,8.05759350487345,3.1097290093291763,7.832808589650431,31.892969408878336,69.7089947089947,32.3263252034985,0.43290043290042934,-1.2232415902140858,55.182072829131656,-1.6107382550335614,11.920529801324498,3.999420115168273,-2.0606622264450647,11.703439782321201,8.62068965517242,7.14285714285714,9.722222222222232,15.384615384615374,6.697526272958765,8.6176195415673
2006-02-01,3.4095234848613876,3.9235850911738535,-1.08387096774194,1.783534819909316,28.04906406231833,5.299644257958591,6.513409961685834,11.101163831692041,-1.8115942028985477,4.062876259427317,15.133572761294634,9.257507685031928,5.864354920958692,9.104878985785625,19.82677229998768,-135.57312252964425,20.637933524520836,-0.8547008547008517,-1.5479876160990558,-24.402308326463306,-6.909547738693467,9.90099009900991,5.997037718057374,-3.1593249986334393,11.493679531734614,9.090909090909083,6.666666666666665,10.9375,5.000000000000004,6.697526272958765,8.6176195415673
2006-03-01,-0.7844130222056989,4.243662109115398,0.025900025900016388,2.476388652202388,30.96554902638553,5.67621828800875,11.240310077519378,9.866666666666667,-0.73260073260073,4.457960711414799,23.132518151186755,8.14729089952657,5.951307484220014,8.051384114347737,33.3665756117302,45.77729962345347,33.69271478437113,-2.127659574468088,-0.9375000000000022,68.31922611850061,3.626943005181338,9.649122807017552,4.792236255234217,-9.367642650726527,11.317435345235705,8.47457627118644,8.108108108108114,18.055555555555557,4.347826086956519,6.697526272958765,8.6176195415673
2006-04-01,-1.191470025678687,4.155533227416797,-0.7818608287724738,2.632426916811381,38.08317014168874,6.130268199233724,7.490636704119846,12.321428571428573,-3.2490974729241895,4.491362973988866,7.299534168513411,4.064900690753381,3.421532846715336,4.035920514559321,10.613921668112415,-47.79319041614124,9.86557228720999,0.4310344827586299,-0.9375000000000022,-14.432260346657234,-1.1508951406649648,2.158273381294973,8.868831458834192,-8.04293907921253,25.498567285627804,8.92857142857142,5.35714285714286,12.5,4.444444444444451,6.697526272958765,8.6176195415673
2006-05-01,-3.080291781656108,4.310874282224875,-0.10430247718383745,3.725234736511074,44.25609895773679,6.103201233336364,9.774436090225569,12.210338680926913,-2.166064981949456,4.813064936159184,25.881484675600362,7.054889825756483,6.013363028953234,7.0084927375188455,38.90008554567994,69.41272430668842,39.43300804900633,-0.8547008547008517,-2.484472049689457,-22.00700116686115,2.0352781546811416,0.0,12.32746920944907,-11.764444335416446,11.986068077381962,8.403361344537807,7.6271186440677985,20.270270270270263,16.666666666666675,6.697526272958765,8.6176195415673
2006-06-01,-0.6639172641329849,4.197315282098746,0.3935974809761156,3.200719783352346,53.93437945791726,6.11840921360447,7.777777777777772,11.707746478873249,-0.7299270072992692,4.799248566005687,14.80202636288026,5.972748693781371,6.68449197860963,6.004035338596259,21.345769884077836,26.412918108419838,21.410079138595517,0.8658008658008587,-2.140672782874631,-46.41275465013286,4.912836767036444,2.5751072961373467,28.556923592023864,-12.228087247992292,12.35777888001075,8.771929824561408,6.557377049180335,15.789473684210531,12.765957446808507,6.697526272958765,8.6176195415673
2006-07-01,-1.1492252314972418,4.157668141376436,1.0233534505379227,2.72424721263429,59.86456495760542,6.32922772633282,5.434782608695654,8.72142252328536,-4.379562043795615,4.8016908266771186,25.377024144485105,7.86434463794683,10.175288584865317,7.9694365594742855,37.327638443462455,87.95093795093796,38.34378484844096,1.754385964912264,-2.4096385542168752,-39.98875140607424,1.9607843137254832,8.743169398907114,26.583863673887453,-14.02284366729617,12.285046869580363,8.62068965517242,9.322033898305083,23.28767123287672,17.021276595744684,6.697526272958765,8.6176195415673
2006-08-01,1.7901139416115486,4.003982677959628,0.38829924928811543,3.3133063944420726,61.88952509262378,6.250558085543356,3.942652329749108,10.265183917878517,-1.1029411764705843,4.7518775666243185,25.459521161388523,7.769413933481828,11.092851273623673,7.919647771051186,36.4493634761893,70.64102564102564,37.09740243932127,0.43478260869564966,-3.539823008849541,129.34888241010688,10.95890410958904,10.077519379844958,24.765633790978313,-15.288455467759722,12.770677532655617,9.482758620689658,9.090909090909083,18.181818181818187,19.6078431372549,6.697526272958765,8.6176195415673
2006-09-01,5.8003987098493415,3.8572521823346584,1.0844306738962084,3.1359377762064655,73.74371859296483,5.905302358574205,7.299270072992692,9.983221476510074,-1.1029411764705843,4.790072211296592,16.639929765752814,8.316394339770161,11.055486024196902,8.440843150800026,22.067465250310782,74.94692144373674,22.76187024284162,3.571428571428581,-1.7804154302670683,13.13131313131315,-3.4482758620689613,12.781954887218049,22.755941827290084,-16.81378777886796,12.879467020802181,8.771929824561408,10.169491525423723,16.666666666666675,30.612244897959172,6.697526272958765,8.6176195415673
2006-10-01,6.398156741652716,4.325241421989134,1.9917227108122049,3.7889913126559316,96.54859703403393,5.713274962412673,9.293680297397767,9.173553719008254,-1.1070110701106972,5.612366030331484,20.293138851518798,9.728357928376719,13.142857142857146,9.878695300566086,26.46245859842258,57.72259236826165,27.065490448092543,1.3215859030837107,-1.1904761904761862,-53.077240809582825,-1.0447761194029903,11.22448979591837,20.320360886694555,-17.267119876923665,12.814528035029337,8.737864077669899,11.304347826086957,12.34567901234569,32.00000000000001,6.697526272958765,8.6176195415673
2006-11-01,6.644513269449903,4.731998695861606,1.9290123456790154,4.043221554462506,104.21079824334795,5.828059071729963,6.909090909090909,8.272506082725052,0.3731343283582156,6.150061123992523,7.212983072025714,6.7586735671842035,7.347447073474478,6.784660766961648,8.108726898078068,-30.38277511961722,7.505665243574167,0.8695652173912993,-2.686567164179099,103.71428571428574,10.271903323262844,11.428571428571432,22.435360479629818,-15.914678293247619,13.152808108883152,8.823529411764696,10.344827586206895,20.779220779220786,34.00000000000001,6.697526272958765,8.6176195415673
2006-12-01,3.273106567776418,4.737493157710992,2.292632663575467,4.283890283097791,101.80570427333788,5.887997208653184,7.608695652173902,8.097165991902845,0.7407407407407307,6.224877087904179,31.7431948340573,9.685651316552612,13.074652045550405,9.832156456800622,46.066296382220884,134.90494296577947,47.63245388245387,-0.43290043290044045,-0.9287925696594312,13.172218593511854,3.0913978494623517,11.564625850340127,19.877258106566153,-17.288269507191746,12.952433700082256,9.154929577464799,7.9365079365079305,10.843373493975905,24.657534246575352,6.697526272958765,8.6176195415673
2007-01-01,8.808239694459585,4.471129170047727,2.6519052523171993,4.447750158439545,105.1801591015442,5.631101813110173,6.737588652482263,6.987951807228909,-0.36900369003689537,6.107150302272246,25.09912880349048,12.604680284886904,15.63981042654028,12.736528851372842,31.69367777338572,97.81761496492595,32.66549824163487,1.7241379310344973,-0.9287925696594312,-20.861268695203716,8.321964529331517,7.100591715976323,23.25922153795934,-16.716819248396263,13.00382508428639,-11.111111111111116,8.333333333333325,12.658227848101266,33.33333333333333,2.235617337105844,0.5661305349327739
2007-02-01,10.034449035207249,4.1145139473098835,3.548134620401777,3.815283892482335,111.74467698733372,5.509355509355518,7.913669064748197,8.46091861402094,-0.7380073800738018,5.890107802774147,-5.246690959504652,6.267719943729033,11.608863198458575,6.49751449875724,-14.271522044465756,-450.0,-14.942194554658638,-0.4310344827586077,-6.91823899371069,60.850599781897486,11.336032388663986,6.3063063063063085,23.11197024064471,-15.09016782084488,13.239173462210708,-11.66666666666667,6.25,8.450704225352123,28.57142857142858,2.235617337105844,0.5661305349327739
2007-03-01,2.4789785279254017,4.261569625159711,2.4598653547384774,3.7101545678925874,110.2318215809616,5.587219343696037,4.878048780487809,6.796116504854366,-3.3210332103321027,6.03189132480213,21.1486354743063,7.88178298344262,11.063829787234036,8.01890302894992,28.7705228935248,22.029520295202953,28.576842903164668,0.43478260869564966,-4.731861198738175,-37.74425287356322,3.6250000000000115,4.800000000000004,23.18042194498633,-14.406126577401023,13.239878995669073,-10.9375,5.833333333333335,4.705882352941182,35.41666666666667,2.235617337105844,0.5661305349327739
2007-04-01,9.346976316394585,4.035219665555467,3.2308904649330117,3.7570968839119923,108.4925335780429,4.9252191851469895,4.529616724738683,4.84896661367249,-1.8656716417910446,5.890116302993809,20.323709167544777,11.679073614557488,13.056903396559338,11.738795504375133,25.25893702651516,264.2512077294686,26.71402100061766,0.42918454935620964,-3.154574132492116,-6.61430343116991,2.7166882276843607,1.4084507042253502,22.24896893531474,-10.04307038763349,7.9864678785370735,-11.475409836065575,5.932203389830515,2.4691358024691468,31.914893617021267,2.235617337105844,0.5661305349327739
2007-05-01,9.794715762342987,3.7558277540698404,1.6183764030279324,3.3480305957155565,147.67368003175864,5.076923076923068,2.7397260273972712,5.003971405877672,-2.583025830258301,6.424310091367547,22.65304374748851,13.505858617211143,15.504201680672258,13.594051327696178,26.954633708428144,59.460760712566206,27.64444444444445,1.2931034482758674,0.9554140127388644,-20.436864153201682,-0.6648936170212782,-1.0152284263959421,17.32186500692454,-6.2401715386874335,8.196554096097008,-10.852713178294572,4.724409448818889,2.2471910112359605,26.785714285714278,2.235617337105844,0.5661305349327739
2007-06-01,9.952760411743222,3.645865758509337,2.535284892838474,3.9266631563500853,142.40278755977315,4.510768187213832,5.154639175257736,4.334121355397946,-4.044117647058821,6.44882690642532,6.850347603366269,8.074245939675183,12.07184628237259,8.251099530620532,5.243123772102165,57.11678832116789,5.930673516120044,-0.8583690987124415,-0.31250000000000444,68.92561983471074,3.1722054380664666,-1.673640167364021,3.990213906008444,-1.153132571048865,7.542863735986161,-11.290322580645162,3.8461538461538547,0.0,24.52830188679245,2.235617337105844,0.5661305349327739
2007-07-01,7.550684512037975,3.8449214995193826,2.6233766233766165,4.142998324238389,143.64076460328198,4.937854062737812,5.154639175257736,3.816199376947038,1.9083969465648831,6.776577063552192,13.278343417760063,9.12077951506911,10.787737679472254,9.198134442583683,14.770770555316393,47.02495201535508,15.650353310651655,-1.2931034482758674,-1.851851851851849,84.06747891283975,11.698717948717952,2.5125628140703515,3.958647848189334,0.46869554569688443,7.601576429871626,-11.111111111111116,4.651162790697683,3.3333333333333437,18.181818181818187,2.235617337105844,0.5661305349327739
2007-08-01,7.57224816478117,4.275746744424236,3.0428055698813905,4.369269301037004,146.88789486459308,4.075972770821079,5.1724137931034475,-0.853374709076804,-2.6022304832713727,7.2986352492428574,7.80949270375253,8.055664445315557,7.729289940828399,8.037125809577228,7.432026916431744,18.33208114199849,7.690600278786475,0.0,-2.140672782874631,-42.66949152542372,-5.5555555555555465,8.450704225352123,22.439196094029292,1.9947217651701488,7.13262874880336,-11.811023622047244,4.545454545454541,3.296703296703307,13.114754098360649,2.235617337105844,0.5661305349327739
2007-09-01,6.348252133746457,4.424870863209929,2.14559386973181,4.547168517756761,136.52425414190952,5.776959142665783,3.741496598639449,-1.449275362318836,-1.486988847583648,7.50686398270437,9.284678125684254,7.531712950432157,8.339594290007524,7.566888192555354,10.33513088157012,14.745145631067968,10.417660284799336,-0.8620689655172376,-1.5105740181268867,-36.798469387755105,8.279220779220786,11.333333333333329,23.486536171553517,3.4003832343665774,7.46906790780284,-11.290322580645162,4.615384615384621,1.098901098901095,6.25,2.235617337105844,0.5661305349327739
2007-10-01,6.360453776914055,4.444418669772876,2.333248795333498,5.271860962658015,110.69344551499528,5.6805822805990225,2.7210884353741527,-1.5897047691143085,0.746268656716409,7.351483371489365,5.535935016775562,6.575295528524938,6.96248196248197,6.591213895521908,4.227236327664996,34.02457757296467,4.941654635904702,-1.30434782608696,-3.3132530120482007,48.67957746478875,9.80392156862746,9.174311926605494,24.225824427764977,3.5389023499096117,7.194235095498014,-10.71428571428571,4.6875,3.296703296703307,10.606060606060597,2.235617337105844,0.5661305349327739
2007-11-01,8.293560017697942,4.5872294465234775,2.8261418117587755,6.128955870164576,102.51992409867174,5.490489243292629,3.0612244897959107,-2.322097378277155,-0.743494423791824,7.504851435383064,12.321193201526182,9.600330364837696,13.07037896365042,9.754298068014133,12.512647951620103,165.1775486827033,14.063446219779197,0.0,-0.613496932515345,-45.06778868630201,-3.8356164383561597,7.692307692307687,21.548551037808284,1.7001305754783091,7.107514765065681,-11.711711711711715,3.90625,-1.0752688172043001,5.970149253731338,2.235617337105844,0.5661305349327739
2007-12-01,9.380402058852088,4.573329064552678,1.6620498614958512,6.674829012919026,98.99187227166388,5.420545349699313,1.683501683501687,-1.348314606741574,-1.4705882352941124,7.554148449670839,-0.13448233149894184,6.8281161872532525,8.429690414024616,6.90038204554253,-4.013715396186224,-1.0683068954354114,-3.930186520404644,0.43478260869564966,-2.187499999999998,-14.794151596767978,1.04302477183833,7.92682926829269,20.81197893686415,3.2821380412286105,6.729809769482542,-11.612903225806448,4.4117647058823595,6.521739130434789,5.494505494505497,2.235617337105844,0.5661305349327739
2008-01-01,6.016483582941645,4.289371181481982,1.028342111863556,6.602000657334761,85.91009647182248,6.271661990427457,1.661129568106312,-0.07507507507507061,1.4814814814814836,7.044813354489654,-6.83226638340898,1.609035621198962,4.3591654247391975,1.7315801706677236,-11.460604723019197,-3.506698187549251,-11.286297738595842,-3.3898305084745783,-7.187500000000002,70.0553926360378,7.304785894206556,-1.104972375690605,22.34262368449751,4.057680500219019,6.743974865970936,23.214285714285722,3.8461538461538547,6.741573033707859,18.333333333333336,4.738450678239392,8.817121156775375
2008-02-01,5.110812072611437,5.1216936414765435,1.4865205341395793,7.301239355872191,87.0971891683283,5.829228243021345,2.6666666666666616,-0.6686478454680511,0.0,8.016158596266433,42.7969788041759,11.853119081077779,14.113077255071204,11.957134799774384,69.92607392607393,-680.6349206349206,74.67980295566502,-1.2987012987012991,2.0270270270270174,1.8757062146892656,-0.9696969696969648,0.8474576271186418,21.355342819928236,3.97552122804119,6.655048938155272,24.52830188679245,6.72268907563025,14.28571428571428,14.814814814814813,4.738450678239392,8.817121156775375
2008-03-01,11.062601170464447,5.20889809262528,1.566843568359877,7.5523448642535795,84.72966186809508,5.913143044082769,2.657807308970095,2.4242424242424176,2.6717557251908497,8.09160348626805,-3.13672386618421,5.590823834944447,8.314176245210735,5.7132522649764095,-7.795628792405507,8.890232839431512,-7.343813968721857,0.0,-0.9933774834437137,5.561966305100374,-2.7744270205066535,-1.526717557251911,21.45936577315286,1.4062236227561753,14.928425276449243,23.684210526315795,3.149606299212593,4.494382022471921,1.538461538461533,4.738450678239392,8.817121156775375
2008-04-01,4.784912451433221,5.553556483993138,1.323155216284988,7.838044565482338,77.57882522407171,6.504464651429509,3.0000000000000027,3.5633055344958198,1.520912547528508,8.282567500540505,15.797217201227465,6.632350762849959,11.626999609832222,6.860526780979326,20.07560096863741,110.94164456233422,21.665912282534272,-1.2820512820512664,-0.9771986970684043,11.48738379814076,1.1335012594458238,-2.777777777777779,20.765217838014816,1.670233379182151,6.927574335453168,24.07407407407407,4.800000000000004,2.4096385542168752,4.8387096774193505,4.738450678239392,8.817121156775375
2008-05-01,7.09968537837391,5.884313699984389,2.9797071667094777,8.241831927983512,45.81416595874273,6.499105254595738,2.6666666666666616,3.782148260211793,0.7575757575757569,7.817194765083402,0.9909179283638769,3.9600068364382235,11.531465987631861,4.301408772588511,-1.2506166748889935,22.101449275362327,-0.6315435596964791,-0.42553191489361764,-1.2618296529968376,14.66716810831139,1.070950468540821,-4.61538461538461,19.91135577923151,1.1905445851904783,7.074795678792212,23.478260869565215,3.007518796992481,3.296703296703307,0.0,4.738450678239392,8.817121156775375
2008-06-01,5.396349610214579,4.7370471683563675,0.28039765485596835,6.126347613747729,41.888275503494256,7.244848288171335,0.32679738562091387,5.58912386706949,2.6819923371647514,6.554281945621598,13.109971166555944,7.311793330470873,14.125978382407745,7.623892521210673,16.009800490024496,55.40069686411149,16.785616250343118,0.43290043290042934,-1.8808777429467072,46.281800391389424,23.71888726207907,-5.957446808510635,21.3026792447236,3.143245590845578,6.62683285828225,23.636363636363633,5.9259259259259345,9.090909090909083,4.545454545454541,4.738450678239392,8.817121156775375
2008-07-01,12.54665164007356,3.950529133435965,-1.6198430777018435,5.380159424355946,38.230137626742255,7.090484247844664,0.9803921568627416,4.876219054763697,1.1235955056179803,5.704437599328327,6.861427335842363,10.104523587028002,16.74255691768827,10.415395524480143,4.578742557081905,14.151436031331599,4.91061326091875,0.4366812227074357,2.2012578616352085,-44.90835030549898,-9.182209469153523,-6.372549019607843,29.240554024915056,1.9395375785405733,5.8983948192743885,23.214285714285722,5.9259259259259345,8.602150537634401,12.307692307692308,4.738450678239392,8.817121156775375
2008-08-01,8.528899299585756,3.3745361476116953,-1.9269269269269307,4.640001314913578,34.702247191011224,7.388565891472876,0.6557377049180246,10.093896713615024,1.9083969465648831,5.034321490533311,12.705574309703117,8.390086242435245,17.610710607621005,8.814412713397846,14.124408555733314,37.999999999999986,14.744461757892037,0.8658008658008587,4.062499999999991,11.97339246119733,0.32679738562091387,-4.545454545454541,9.623819775287812,1.629134432163748,5.745206030122518,24.10714285714286,5.797101449275366,12.765957446808507,0.0,4.738450678239392,8.817121156775375
2008-09-01,12.309500349663626,2.8776181094357645,-1.8004501125281291,4.292834073806917,29.039289701738525,6.316289377869233,1.3114754098360715,8.281733746130037,1.5094339622641506,4.355129047663753,6.283145392046974,9.247730438138714,16.81692094313454,9.59713174448198,3.348890869998433,44.79111581173982,4.153811345592162,0.8695652173912993,2.1472392638036686,10.595358224016138,-3.4482758620689613,-8.982035928143716,9.868414881698229,1.3005761430764595,5.609580965684424,23.636363636363633,5.147058823529416,9.782608695652172,5.882352941176472,4.738450678239392,8.817121156775375
2008-10-01,10.480223566376212,2.7922848476387596,-2.627013630731101,3.045196184800747,25.68723431663016,6.538948701709946,2.3178807947019875,8.923076923076923,0.37037037037037646,4.036037107114954,6.841797038400399,8.212770061728403,14.030354131534573,8.479101454612415,6.172716754646035,-2.492836676217769,5.9067847848374155,2.2026431718061623,3.738317757009324,-34.517465956187095,-13.186813186813184,-1.6806722689075682,5.507165433107697,-0.14301023544684988,5.758587306955532,23.0,5.223880597014929,13.829787234042556,-4.109589041095896,4.738450678239392,8.817121156775375
2008-11-01,4.618514043307798,2.6334509458080024,-4.024539877300615,1.6391874985058452,23.429028308722486,6.094488188976377,2.970297029702973,9.662576687116564,1.1235955056179803,3.6835923376664415,17.94380863560845,6.5036122077879455,12.61969904240765,6.783185079806775,24.43296489558606,58.272138228941685,25.232786081842697,0.4310344827586299,2.4691358024691468,15.06382978723404,-4.273504273504269,0.0,8.01449340159246,0.21249911613765438,5.645557239101184,23.469387755102034,2.2556390977443552,6.521739130434789,-7.042253521126762,4.738450678239392,8.817121156775375
2008-12-01,6.192454873966735,2.612880630258374,-3.319296507307401,0.9569794593738967,20.873127454307472,6.071735563022584,4.304635761589415,9.111617312072884,1.1194029850746245,3.498238498845918,14.532428489584248,7.130836495627779,13.41589267285861,7.4184863894705355,18.23491049962527,37.99083769633509,18.804469062517715,2.5974025974025983,4.153354632587858,-61.345676224881466,-8.000000000000007,-1.1299435028248594,7.361078609373317,-1.0158826850503622,6.155985784356033,24.087591240875916,1.4084507042253502,-3.0612244897959218,-6.25,4.738450678239392,8.817121156775375
2009-01-01,5.085886658817307,2.7327922486472866,-3.9225422045680247,0.6142535278074179,22.763629226164195,5.684112439819855,2.287581699346397,7.513148009015769,-1.4598540145985384,3.6545582201197524,12.444899676257016,7.46802106847253,-2.142092109960725,7.028738352073383,16.71103666257865,-26.745610453246226,15.67518638920793,1.3157894736842035,5.050505050505061,-32.0751101743629,-5.516431924882637,-5.027932960893855,4.946120655132247,-2.5300307890262386,6.091719283997388,-2.1739130434782594,0.7407407407407307,-3.157894736842104,-8.450704225352112,-3.411249310704001,-8.395228818554257
2009-02-01,2.379730840304606,2.4802347531914126,-4.071499503475673,0.22943348786046425,18.383296662999626,6.322730799069043,2.922077922077926,8.676140613313388,0.3717472118959009,3.226425066460714,-0.35239057891749415,1.9136577993845716,-8.698940998487137,1.426213845218438,-0.23633712726930378,-61.78239475123017,-1.5309000080573676,0.43859649122806044,-1.3245033112582738,-6.388642413487133,2.937576499387995,1.680672268907557,8.5517631215853,0.7926156499119541,16.698885595464354,-0.7575757575757569,-0.7874015748031482,-6.818181818181824,-4.8387096774193505,-3.411249310704001,-8.395228818554257
2009-03-01,2.478201867176799,2.4916986000953267,-4.603135108235879,0.262080005021903,20.429060100129128,5.830115830115834,2.265372168284796,7.100591715976323,-1.115241635687736,3.356825120387752,20.384333318054736,7.72357723577235,-3.11284046692607,7.2244399185336095,28.640927345746615,-6.525965009719526,27.521849400411803,0.43290043290042934,1.0033444816053505,32.378662002623535,4.962779156327546,3.100775193798455,7.736530661140684,2.3352514765263344,8.894010746254155,1.4184397163120588,2.2900763358778553,-1.0752688172043001,1.5151515151515138,-3.411249310704001,-8.395228818554257
2009-04-01,1.0904415436526538,2.510248232830592,-4.344550477147157,0.001558895055175924,22.397224006038698,6.353357434043527,4.854368932038833,7.174231332357239,-0.3745318352059934,3.470953908754515,13.541704480826699,4.650112866817158,-5.6973086333449885,4.158740136639594,20.185932120019668,-20.465262496070412,18.952409115624192,0.8658008658008587,-0.9868421052631526,-6.710343458407786,3.2378580323785933,2.857142857142847,7.441109616612573,2.619845876240201,9.030251433026425,-0.7462686567164201,-1.526717557251911,-2.352941176470591,-4.61538461538461,-3.411249310704001,-8.395228818554257
2009-05-01,-4.784598698974774,2.4728308023532097,-5.038663008231481,-0.29890273271435674,24.126104735523015,6.217062552508978,4.545454545454541,6.997084548104948,0.0,3.5347471024350208,17.699802165542767,1.3990497640850252,-9.360730593607302,0.8811468995523875,27.18840290094007,1.5825914935707175,26.355090500471224,-0.8547008547008517,-3.83386581469648,49.75401771072485,9.40397350993376,0.0,9.547117121472247,5.181782717867289,8.782836892308122,-0.7042253521126751,-1.4598540145985384,-10.63829787234043,-1.4084507042253502,-3.411249310704001,-8.395228818554257
2009-06-01,-1.15964011472941,4.09306463700343,-3.2028469750889688,1.412650460970144,25.070862747211287,5.749300249640665,4.56026058631922,4.363376251788265,-0.7462686567164201,5.136423588280881,16.8716281266462,3.0658686627877962,-9.013716525146965,2.479181536997377,26.03890095743826,15.358744394618839,25.758020919026904,0.4310344827586299,0.31948881789136685,5.986622073578585,-13.491124260355036,3.619909502262453,11.774664882166942,5.653520703884474,9.707731348447224,1.4705882352941124,2.0979020979021046,-1.041666666666663,4.347826086956519,-3.411249310704001,-8.395228818554257
2009-07-01,0.2403258312322354,4.860323301517044,-1.5693336763570875,2.1283259987784353,26.096836586938377,6.515687307200357,15.533980582524265,4.4349070100142995,-2.2222222222222254,5.945188773433929,12.27133771198259,3.965422396856577,-9.360936093609363,3.3036127664023196,18.376551179972743,-6.129917657822503,17.45297670405521,0.43478260869564966,0.0,80.22181146025878,1.7377567140600458,3.664921465968596,3.783027739320244,6.022804400487791,10.026959144956438,-2.1739130434782594,1.3986013986013957,-2.970297029702973,0.0,-3.411249310704001,-8.395228818554257
2009-08-01,0.9020311649428514,5.233197595501271,-2.373054350599646,2.434676070275743,26.606748133628066,6.3613805549289415,11.07491856677525,5.401563610518845,-0.7490636704119868,6.32950399690797,15.1751514395154,5.473825135780674,-7.443082311733795,4.833928597249737,20.92709337684491,1.2882447665056418,20.313701258110186,0.8583690987124415,0.9009009009009139,-38.81188118811881,-3.7459283387622055,0.6802721088435382,11.771876873062759,14.33812549086122,10.406933641316218,2.158273381294973,-1.3698630136986356,-9.433962264150942,10.144927536231885,-3.411249310704001,-8.395228818554257
2009-09-01,-2.1650516146872634,5.694930124127318,-3.2849503437738736,2.8554361751459867,27.77285649540604,6.841870160810015,12.621359223300965,6.2187276626161525,0.0,6.844665922178139,26.777929636873488,5.34068567215531,-6.767586821015136,4.746396389817886,41.44593963750025,49.85390796201607,41.67366082448778,-0.4310344827586077,0.9009009009009139,1.5510948905109512,-0.7763975155279601,0.6578947368421018,22.679733610592166,14.343809878940705,10.703057554175244,1.4705882352941124,-1.3986013986013957,-8.910891089108908,6.944444444444442,-3.411249310704001,-8.395228818554257
2009-10-01,-1.3533038525376462,5.759130790422029,-2.6469839653855964,3.096639348770691,28.00627235551547,6.5388616436320435,11.97411003236246,5.014124293785316,-2.583025830258301,6.9330067767842785,27.955440014199052,6.8719639912652175,-3.2238982549541606,6.389148207870088,40.70116889861315,36.05642080517191,40.5703931691819,-1.2931034482758674,0.9009009009009139,28.481012658227844,2.5316455696202445,1.7094017094017033,30.076639591540765,18.657944808268525,10.728205450077223,0.8130081300812941,0.0,-9.345794392523366,8.571428571428562,-3.411249310704001,-8.395228818554257
2009-11-01,4.3901121728292525,6.000950810188743,-2.2244950140628994,3.2701927147852583,28.899797570850193,6.961555588540902,11.217948717948723,4.265734265734267,-1.4814814814814836,7.2250073915352875,17.393330680128184,8.346023103071687,-2.763437594898266,7.811905249904849,23.22554078356891,6.604803493449785,22.729051509074004,0.0,2.409638554216853,-66.64201183431953,-3.4226190476190466,0.7936507936507908,26.958358344927834,18.488142365882098,10.977434262720154,0.8264462809917328,1.4705882352941124,-6.122448979591832,10.606060606060597,-3.411249310704001,-8.395228818554257
2009-12-01,6.513605371080278,6.244031818031903,-3.202664616961315,3.46860691212445,29.390353955680325,7.271253867688232,11.428571428571432,4.244954766875431,-1.845018450184499,7.4874739046397965,12.341941871738271,8.695250415819622,-1.45586897179254,8.203256679710979,15.146825168147139,-1.5413801280531159,14.586913627394814,0.0,-0.613496932515345,48.1892523364486,7.713884992987374,-5.142857142857138,27.83288344068462,19.18034140245939,11.042590228603032,-0.588235294117645,2.083333333333326,-1.0526315789473717,12.222222222222223,-3.411249310704001,-8.395228818554257
2010-01-01,2.5103085284480686,6.29993232629138,-1.3436692506459957,3.5451631152177976,30.325165880565997,6.936076414401171,11.501597444089452,4.9615653389238235,-1.1111111111111072,7.607272137252696,27.341390547142286,9.36938083796126,14.556731120029177,9.586179555989261,35.503575303495,143.8684503901895,37.14018864590609,0.8658008658008587,-0.32051282051280827,27.58815232722145,-1.4906832298136719,0.0,26.735618807966866,21.963335036896915,20.255063179492772,9.629629629629633,4.4117647058823595,2.1739130434782705,9.23076923076922,8.972041169100976,12.983580770158376
2010-02-01,6.3661018993905305,5.8372089488722745,-2.148033126293991,3.530832065975753,26.655760556018038,6.53046333454943,10.725552050473187,3.7852718513420536,-2.592592592592591,7.006397484162696,35.33032730506556,13.565711427142135,19.84258492129245,13.825232076182647,47.20261175999152,390.7010014306151,50.00759816241364,3.9301310043668325,7.0469798657718075,-14.763033175355456,-5.826397146254447,-3.3057851239669422,24.9394641527803,19.928883024900014,8.539754644297815,7.6335877862595325,6.349206349206349,7.317073170731714,11.864406779661007,8.972041169100976,12.983580770158376
2010-03-01,16.50852549214461,5.895059651489221,-1.930099113197703,3.3691773102930034,22.666052181110217,6.669098869025913,9.810126582278489,3.6602209944751385,-0.7518796992481258,6.806846052633242,17.207801479197006,16.595845885524028,23.037604965315815,16.863954778221824,15.854376716167984,80.62982768865122,17.36530265756557,-0.8620689655172376,-1.3245033112582738,0.0,-0.11820330969266601,-3.759398496240607,24.674113184791423,19.882440551502746,7.8190354400725415,8.391608391608397,6.7164179104477695,8.695652173913038,17.910447761194035,8.972041169100976,12.983580770158376
2010-04-01,15.306487540828462,6.1578708190130005,-1.1289052244683684,3.664905142714625,19.852541858046237,6.5307008027771785,7.407407407407418,3.8934426229508157,-0.7518796992481258,6.8771634207603904,7.470266007332249,12.882458352691305,16.53076352853966,13.038989915032161,4.19664563023352,26.956521739130434,4.658417469265985,1.2875536480686733,3.6544850498338777,-3.4901042775058455,-0.4825090470446436,-3.472222222222221,27.14805909916036,20.645694323457843,8.194423358620417,6.766917293233088,8.52713178294573,12.04819277108433,12.903225806451623,8.972041169100976,12.983580770158376
2010-05-01,18.787909180349782,6.36820020980069,-2.0751247701602304,3.79020294672745,15.17977329082536,6.895807866542025,8.074534161490687,4.223433242506802,-1.5037593984962405,6.765168607612693,15.856821406302245,18.761957261908613,21.518531845987777,18.880804257101637,13.745810202157749,46.93281402142162,14.614212583114995,4.31034482758621,7.973421926910285,-11.738939991239604,-7.384987893462458,-0.5376344086021501,21.678756869211234,15.67520224550847,8.256780745355119,12.765957446808507,9.629629629629633,14.28571428571428,14.28571428571428,8.972041169100976,12.983580770158376
2010-06-01,18.298169424685895,6.454711076929254,-1.0241596638655426,3.8370414959214116,11.859849888407293,7.368195149867662,9.034267912772576,4.660726525017145,-1.1278195488721776,6.621650352293473,3.13443893543055,14.635566626767172,17.372577171572146,14.755138682516101,-3.198933954661154,17.006802721088434,-2.712426699063153,2.145922746781115,3.5031847133758065,-48.343325970337645,-9.028727770177836,4.366812227074246,20.50203240515629,15.5284895175418,8.247706956030498,8.695652173913038,6.849315068493156,2.1052631578947434,4.166666666666674,8.972041169100976,12.983580770158376
2010-07-01,9.465905075962787,6.614188865250914,-1.6727652901202261,3.222566398822302,8.623348756118832,8.53288126015399,-1.6806722689075682,5.068493150684938,1.1363636363636465,6.48212361399727,10.886719663315404,9.756908750075599,12.74412446209865,9.88737729329614,10.94657749028578,25.804093567251464,11.393688293370952,3.463203463203457,1.2307692307692353,-32.25641025641026,2.1739130434782483,2.020202020202011,22.059748389994915,16.533688635366083,8.819465721903974,8.148148148148149,5.517241379310356,2.0408163265306145,10.95890410958904,8.972041169100976,12.983580770158376
2010-08-01,8.89499572193866,6.649276674093896,-1.6466283324620967,3.338265849862365,6.554609391728294,8.91481088723931,2.639296187683282,3.3715441672286017,0.7547169811320753,6.3724647434165504,7.5532717369107605,8.478414516291878,9.176915799432361,8.508965517241386,6.342381904493211,36.65682489211901,7.139487246863219,2.9787234042553123,-0.5952380952381042,102.9126213592233,9.644670050761416,-3.378378378378377,16.072927859757357,9.592283605241004,9.146801411286809,8.450704225352123,6.944444444444442,10.416666666666675,9.210526315789469,8.972041169100976,12.983580770158376
2010-09-01,9.4456102679225,6.574500520249393,0.07898894154818592,3.2522313241227563,4.05330237732473,8.654449167305422,2.586206896551735,3.1628532974427914,-1.8587360594795488,6.1162391118118276,9.96175703870299,9.77238593779619,9.296402419611582,9.750010456896675,9.36374463688674,33.92639532049719,10.067605241148602,4.761904761904745,-0.29761904761904656,-14.195867026055708,0.46948356807512415,-4.575163398692805,4.280980500382614,9.605098955314716,8.575066146362055,10.144927536231885,6.382978723404253,7.608695652173902,6.493506493506485,8.972041169100976,12.983580770158376
2010-10-01,8.375868010022725,6.631195996853756,-1.0196078431372602,3.3946100847509264,3.126576298870276,8.941274933742505,2.3121387283236983,2.7572293207800858,3.7878787878787845,6.105033314368269,3.584046606884961,6.719208262096377,10.085574572127133,6.866981320215393,1.3656523606968118,29.460043196544273,2.1312662228735846,3.493449781659397,-1.1904761904761862,-2.67417311752286,6.018518518518534,-4.201680672268903,2.5408344212977774,5.754677350588122,8.425504632060377,11.290322580645151,4.255319148936176,4.123711340206193,7.8947368421052655,8.972041169100976,12.983580770158376
2010-11-01,6.43160462774659,6.58179197693971,-0.18305439330543738,3.4073050555357254,0.8519626549825965,8.88842631140716,2.3054755043227626,3.15224681421864,4.135338345864659,5.889295223798285,6.865941948175336,6.696574340919104,8.682073703935034,6.781456234214178,6.311762178529778,29.262672811059897,6.907271966360429,3.0042918454935563,-0.8823529411764675,201.9955654101995,5.855161787365182,-3.937007874015752,1.8528506067868156,6.339040156709119,8.302418739718886,10.655737704918034,7.971014492753614,13.043478260869556,13.698630136986312,8.972041169100976,12.983580770158376
2010-12-01,5.11699923073301,6.494306229145574,0.7411328745367873,3.361420950533467,-0.668004742678685,8.37854542957215,2.564102564102555,2.9372496662216196,1.5037593984962516,5.690299347017791,9.915124696464073,6.592705942361632,8.771929824561408,6.690054994175498,10.662758275541574,42.10019267822736,11.569065837163773,0.8438818565400741,1.2345679012345734,-10.839574300354748,-4.427083333333326,0.0,2.1699316734794527,7.178627372265645,8.38150659975514,6.5088757396449815,8.843537414965997,13.829787234042556,13.861386138613852,8.972041169100976,12.983580770158376
2011-01-01,6.629075920034233,6.762247562586321,-0.9167103195390269,3.452619437868032,-1.9736388102960412,8.485639686684078,1.7191977077363862,3.794940079893472,0.3745318352059934,5.8122787964733025,-4.24939431228365,3.0495700629992184,4.04458598726114,3.0930416997119847,-7.763017697385433,2.53714285714286,-7.487713744040936,-0.42918454935623185,0.0,15.034269290294034,3.9092055485498323,12.352941176470589,0.491479616498558,5.618625565156088,5.7541574460700184,14.18918918918919,8.450704225352123,5.319148936170204,8.450704225352123,4.391358446907123,5.956492641784927
2011-02-01,0.855230297094911,6.9250172143547895,0.44961650357049354,3.368770160374357,-2.6833686173505678,8.157534246575349,5.128205128205132,4.774535809018565,2.281368821292773,5.887855764268601,4.3699463511050585,1.7808542436875685,2.108537849982728,1.7951187215986097,5.261935835128151,21.80758017492712,5.703398349528932,-2.5210084033613467,-2.821316614420055,-7.450653322212963,5.934343434343448,2.564102564102555,-1.1955773808421166,4.342418637264855,6.268086898301339,11.347517730496449,2.238805970149249,-2.2727272727272707,13.636363636363647,4.391358446907123,5.956492641784927
2011-03-01,-2.0425570208129185,7.371514536612667,1.1702127659574568,3.9233500654901166,-2.8223982334133257,8.550516451193646,5.7636887608069065,5.396402398401068,2.2727272727272707,6.304794601914998,-1.9653226133918067,-2.0411493533867286,0.29673590504450953,-1.937404917627783,-2.3204968031160456,7.187499999999991,-1.9785786826007845,1.304347826086949,4.697986577181212,-10.090834021469863,-3.4319526627219044,2.34375,-1.9494791990184113,4.196142642615475,6.536448841810039,12.903225806451623,-0.6993006993006978,-8.999999999999996,1.2658227848101333,4.391358446907123,5.956492641784927
2011-04-01,-1.3616936089284826,7.194974758266914,-0.5045140732873099,3.8939849624060052,-3.2363354299626,8.452138492871697,6.321839080459779,4.142011834319526,2.2727272727272707,6.124634542820817,14.683438861976473,3.3146166509877784,4.452926208651409,3.366350544432728,19.508075666163904,74.25280199252802,20.85542648726515,-0.423728813559332,0.9615384615384581,28.048511576626247,-3.5151515151515267,-2.877697841726623,15.014228782137206,3.816659793691657,6.215856032573153,11.9718309859155,1.4285714285714235,1.0752688172043001,11.428571428571432,4.391358446907123,5.956492641784927
2011-05-01,2.9832683675048877,7.148542889144038,0.295064377682408,4.377661206438521,-3.9735201174833312,8.031750302704154,6.321839080459779,3.4640522875817092,4.198473282442738,6.071121314446204,3.760354429589885,3.4061433447099,-0.6810778797749495,3.2260169391989724,4.534702357999176,-11.746189529489726,3.9880968935116945,0.8264462809917328,2.4615384615384484,18.56079404466502,-4.8366013071895475,-1.0810810810810811,16.404088389359384,4.40687916306024,5.925161157108549,11.949685534591193,4.729729729729737,6.25,6.25,4.391358446907123,5.956492641784927
2011-06-01,4.334562046892243,7.270608788821686,-0.18572565667285268,4.332929521148121,-3.8748940759571693,8.02851622359917,5.714285714285716,4.060248853962012,-1.1406844106463865,6.182373457686285,8.909563111917084,5.622971638210816,2.1406727828746197,5.4679596984124945,10.312082694495285,32.47508305647842,10.952083633511034,-1.6806722689075682,0.9230769230769154,47.52596212583997,1.2030075187969835,-5.4393305439330515,15.324917441286278,3.7697814534671803,5.951472926267187,12.666666666666671,7.051282051282048,4.123711340206193,12.00000000000001,4.391358446907123,5.956492641784927
2011-07-01,4.4066735061651485,7.072991549107832,-0.07974481658692412,4.401048823787201,-3.906876967714057,5.798893589326393,6.552706552706544,3.9113428943937434,1.4981273408239737,6.008417421522361,4.569814536605077,4.572876780253998,2.34879624192601,4.473213345963578,4.249871991807486,15.068758473755572,4.618235534628523,-2.9288702928870314,-0.6079027355622935,47.842543527630596,1.2158054711246091,-3.960396039603964,14.136745319644973,2.942328047841869,5.673449314215784,13.013698630136993,7.843137254901955,11.00000000000001,4.938271604938271,4.391358446907123,5.956492641784927
2011-08-01,5.987165245528536,6.054262435458213,-0.8503853308530429,2.9796484667720335,-4.221509448545035,6.3027391925224,7.14285714285714,4.305283757338563,1.1235955056179803,5.032740404152358,7.917139724031563,30.34424987035782,30.964760254188327,30.371556775858345,-1.9424755027770302,-1.545620741233178,-1.9291654589641216,-4.1322314049586755,0.8982035928143839,1.594896331738438,1.2345679012345734,2.7972027972027913,13.107582196615141,1.0020951159081637,5.576766390711008,12.337662337662337,6.493506493506485,3.7735849056603765,6.024096385542177,4.391358446907123,5.956492641784927
2011-09-01,4.019798006822284,4.571255581624167,-2.2625624835569624,1.164150384843099,-4.276583381754795,5.6820368113897235,6.162464985994398,4.82713633398566,4.924242424242431,3.6455257757566306,12.34063412510935,29.997476189843653,31.284590736964745,30.05361044768535,3.6804020232370505,-1.146496815286624,3.511793572898525,-0.8264462809917328,0.5970149253731405,-20.732984293193713,-1.0903426791277315,4.109589041095885,28.938681806848933,11.177507707127665,5.278242327222049,11.184210526315796,4.666666666666663,6.060606060606055,3.658536585365857,4.391358446907123,5.956492641784927
2011-10-01,2.664973910583024,3.556785118967798,-2.2187004754358197,-0.08550662676357623,-4.381919535410939,6.120358514724722,8.192090395480234,5.628272251308908,0.0,2.7014529909638707,13.232820924855936,29.719837972309413,25.26374236535258,29.51729285892013,5.704189200482324,5.238571905238576,5.6881051175657005,-0.42194092827003704,0.30120481927709,0.5784526391901634,-3.2023289665211063,2.6315789473684292,27.408147256586446,12.243267559039017,5.32090581221385,13.768115942028981,4.081632653061229,4.950495049504955,4.878048780487809,4.391358446907123,5.956492641784927
2011-11-01,-0.3593497303007398,5.0607123427208744,-1.8339009693476571,2.1974230020924246,-4.2051417804699565,6.002676352513858,7.605633802816891,5.65669700910274,-1.8050541516245522,4.153746217884069,13.739559462539287,27.85805524509022,10.431034482758616,27.0868304593316,8.112979998203818,-20.41988512576748,7.217820859353163,-1.2500000000000067,-2.077151335311578,28.19383259911894,-0.8733624454148603,5.737704918032782,30.078431316963883,13.050859446841612,5.227990702721286,12.592592592592599,3.3557046979865834,-0.9615384615384581,2.4096385542168752,4.391358446907123,5.956492641784927
2011-12-01,4.81955601688413,5.13145380457809,-3.4156594850236477,2.2909885340605785,-4.194914923661441,6.55851973892656,5.833333333333335,6.809338521400776,2.2222222222222143,4.228330529849855,18.500808105275034,34.1135967885579,17.176004527447652,33.35364692439535,12.448961132933633,-21.016949152542374,11.22015882104006,-2.5104602510460206,-0.30487804878046587,-10.831122900088419,-2.997275204359673,11.44578313253013,30.35443637730253,13.441019735489213,5.0308279668040745,10.000000000000009,6.875000000000009,3.738317757009346,4.347826086956519,4.391358446907123,5.956492641784927
2012-01-01,5.630534884922067,5.044385683256203,-0.6608511763150915,2.3801839599806307,-4.239508780163481,7.150547849768829,6.478873239436611,6.670942912123157,-0.3731343283582045,4.175316233439053,18.890771399476147,34.79746424386181,15.273951637588002,33.936621048937845,12.776661335083194,-30.271957200178335,11.496654132097127,0.0,0.3215434083601254,-15.433403805496827,-3.2766990291262177,-0.5235602094240788,31.066207851303652,13.339218605658942,11.084334085572634,5.9171597633136175,-1.9480519480519431,-15.151515151515149,10.389610389610393,3.1889533262700054,0.009603645514610903
2012-02-01,5.830958014161092,4.656589532494393,-2.185360716166407,1.972676995201983,-4.202400025131148,7.314292951681334,2.1680216802167918,6.075949367088618,0.743494423791824,3.8237378819653056,20.322975744846204,35.73272331019985,15.605958023019628,34.852404251230574,14.287778868022126,-25.083772139779803,13.075947687362689,-1.724137931034475,-2.2580645161290325,23.730850105136668,-2.741358760429091,3.3333333333333437,31.68399068433756,13.466615879489563,11.408700159397366,8.280254777070063,2.9197080291970767,-2.3255813953488413,5.333333333333323,3.1889533262700054,0.009603645514610903
2012-03-01,4.529568711406506,3.173738703692619,-2.8128286014721393,0.3926768320669183,-4.159697017516173,7.19642069443569,3.2697547683923744,7.01643489254109,0.37037037037037646,2.467054626321108,14.294826657830416,32.84468876672775,11.538461538461542,31.889361814975416,7.311200978087085,-18.382691422433638,6.301916115003037,-1.7167381974249052,-0.9615384615384692,36.26010286554005,0.9803921568627638,4.580152671755733,33.257106598663455,13.782570255671178,11.262283594009826,4.0000000000000036,4.929577464788726,0.0,13.749999999999996,3.1889533262700054,0.009603645514610903
2012-04-01,4.358229674685377,2.460338187408051,-3.3626901521216945,-0.5159973657357431,-3.8128497162585817,6.716744913928019,2.1621621621621623,7.3863636363636465,1.1111111111111072,1.8219777103794854,19.486634067886733,35.14874727901318,14.190012180267964,34.21320900898452,13.623306535900447,-14.722172592460247,12.617450515450845,-1.276595744680853,1.5873015873015817,-35.009471327707956,-3.7688442211055273,4.444444444444451,10.807058487148712,12.76002007600201,11.170804408936096,6.2893081761006275,4.225352112676051,1.0638297872340496,6.41025641025641,3.1889533262700054,0.009603645514610903
2012-05-01,5.96820885412499,1.8415326053370373,-2.8082374966568624,-1.5392556799036394,-3.2059442883107914,6.799501867995028,2.972972972972965,8.149084017687924,1.831501831501825,1.272053604179546,14.8514963127786,34.59766321209321,20.512820512820507,34.00042984108522,6.969189772502027,-0.7133470996808722,6.74975261426547,-7.786885245901631,-2.4024024024023927,-48.827961490163254,-6.181318681318682,1.0928961748633892,15.095099879400987,14.16477196543835,11.558659855365994,3.93258426966292,5.8064516129032295,4.90196078431373,12.941176470588234,3.1889533262700054,0.009603645514610903
2012-06-01,-3.4731835316994197,1.3746278027666037,-3.429027113237637,-1.7110577642273528,-3.341080301330346,6.087331935364504,1.6216216216216273,8.118313404657007,5.769230769230771,0.8522622756023335,28.61122770441369,30.812904949569166,18.922155688622745,30.306285568130953,28.622668579626964,0.5851619644723138,27.65569086921389,-5.128205128205121,-1.5243902439024404,32.422360248447205,4.606240713224374,3.9823008849557473,28.126083209206886,14.073428468599737,10.937095369191674,5.9171597633136175,4.191616766467066,2.970297029702973,15.476190476190466,3.1889533262700054,0.009603645514610903
2012-07-01,-3.9584648251978605,1.649477977966285,-2.3676509710029214,-0.7698218452956929,-3.2659059335576446,7.160433070866135,2.1390374331550888,8.281053952321194,-0.7380073800738018,1.1748563775690224,29.606929665741077,32.231764179025845,18.64601262191623,31.634092282893423,29.531761624099538,4.443696347416259,28.592230255734652,-3.4482758620689724,-1.2232415902140858,63.59447004608294,0.30030030030030463,8.247422680412363,29.25405465120012,14.601787188872507,10.536418730754438,6.666666666666665,1.8181818181818077,-5.405405405405405,14.117647058823524,3.1889533262700054,0.009603645514610903
2012-08-01,0.4955638453855382,6.307069516960229,2.19780219780219,5.278212065102261,-2.07144759245661,6.79001038041156,2.1333333333333426,8.692933083176978,0.0,5.65419728688219,18.182079316349785,8.29864936548741,-3.6391707101896764,7.770909303640727,24.88192496132786,6.144496961512491,24.251035846836764,-6.896551724137923,-3.264094955489616,-41.28728414442699,-2.286585365853655,3.401360544217691,30.22894814666244,17.932167688535984,10.519171962290685,2.3121387283236983,3.658536585365857,-4.545454545454541,18.181818181818187,3.1889533262700054,0.009603645514610903
2012-09-01,-1.6468049839963417,7.553935533960132,1.8573351278600159,7.167887163205133,-2.2297762130225385,6.414224164087634,0.5277044854881341,8.64965774735531,-2.8880866425992746,6.829785168439595,17.028407637561884,6.077698076962368,-3.2615930774350987,5.666533167925136,24.726175184606337,7.198085419734901,24.143731915752632,-7.916666666666661,-2.3738872403560984,160.23778071334212,5.6692913385826715,3.289473684210531,15.19462860888332,6.844567390431666,10.68122062035699,7.692307692307687,1.9108280254777066,-5.714285714285716,7.058823529411762,3.1889533262700054,0.009603645514610903
2012-10-01,-0.12819420243079804,8.325057173233752,3.0524041058887175,8.198692694730948,-1.9836307832215572,6.207770270270263,-1.305483028720622,8.426270136307302,-1.4598540145985384,7.5741821739895965,23.427027064630245,9.56473718560169,1.351950354609932,9.209843813036711,31.562214115494513,29.708306911857953,31.498991220895366,-2.1186440677966045,-0.6006006006005871,-67.79295470884257,0.3007518796992459,4.2735042735042805,15.58563451416246,6.711748828708908,10.706032245153118,5.095541401273884,5.228758169934644,3.7735849056603765,19.767441860465105,3.1889533262700054,0.009603645514610903
2012-11-01,5.584003992997233,6.440950607626461,1.5212169735788539,5.625799221253169,-1.9636369547371912,5.09768560264503,-1.308900523560208,8.184615384615391,-2.573529411764708,5.789425598251952,21.40102096613783,11.859344593258614,17.434296122820705,12.073727185398653,25.82164917256562,67.9940268790443,26.8030901008977,-2.9535864978902926,0.9090909090909038,-41.00801832760595,-1.1747430249632873,2.3255813953488413,14.099249533629177,5.727406874400365,10.85891977744009,3.289473684210531,1.298701298701288,-0.9708737864077666,12.941176470588234,3.1889533262700054,0.009603645514610903
2012-12-01,-3.7466137813976563,5.852130503580599,1.550598476605014,4.526657540726298,-2.049640885327597,4.709800190294966,-1.049868766404205,7.043108682452948,-5.434782608695654,5.201742283825372,18.16253096927214,4.551266167798196,6.978990581985034,4.646978178910088,25.799612761630076,37.53218884120171,26.10554352509331,-0.8583690987124415,0.917431192660545,33.713435795736245,-3.2303370786516794,0.0,20.061538129016967,5.315993168555155,10.456679486764099,7.575757575757569,0.5847953216374213,2.7027027027026973,5.833333333333335,3.1889533262700054,0.009603645514610903
2013-01-01,1.1170830966897416,6.021996595260459,1.064395955295372,5.675638885505707,-1.7406575454359863,4.6695826929897155,0.0,6.3740228502706,-2.2471910112359605,5.455239278070212,23.319294728416583,9.715835890775404,13.462559745087631,9.858019528612738,30.286077944117817,82.96035805626599,31.26613450076732,0.4310344827586299,3.525641025641013,-17.795454545454547,-4.265997490589724,12.631578947368416,20.714040168496673,4.666768280081013,6.915011874677113,0.0,7.284768211920523,11.904761904761907,9.411764705882364,2.541897743162269,1.478372525300764
2013-02-01,7.816395425824951,6.27349577324714,2.5841184387617844,6.265444514683072,-1.3387330813815268,5.051339549156153,-0.2652519893899252,5.906921241050123,-3.690036900369009,5.7471676057782695,2.678107868347146,7.002220577350116,11.83016105417276,7.18302294226616,-0.49982363080937064,23.961661341853024,-0.0006519627338108513,1.754385964912264,4.950495049504955,35.396941005098334,-4.166666666666652,9.677419354838701,19.36581259558856,1.6474672759415165,6.573474229221965,-2.352941176470591,2.127659574468077,-5.952380952380953,3.797468354430378,2.541897743162269,1.478372525300764
2013-03-01,-3.150284765567535,6.989520713975894,3.0294833648904618,7.37362302433926,-1.046366121118314,3.897478102404328,-0.527704485488123,4.9025398700531575,-3.690036900369009,6.444392095789309,35.96951533293229,11.229309480020056,16.419098143236077,11.424894688690724,49.450209165907125,61.17691295356269,49.80365490862728,2.6200873362445476,3.2362459546925626,-28.525208951199776,-3.5194174757281593,10.21897810218979,24.881691765595406,4.253928366135429,6.506109192078746,1.6483516483516425,0.0,-10.989010989010994,4.395604395604402,2.541897743162269,1.478372525300764
2013-04-01,7.373049628838757,7.418852968373613,5.9928196630764985,8.347518659159348,-0.8449472320551821,3.190990145471617,-0.5291005291005346,4.291593180482067,-2.197802197802201,6.893546616867741,15.554566539662563,10.484040761327273,16.24000000000001,10.702639201150465,17.961979474006974,28.745024093861304,18.251729748292767,-0.4310344827586077,2.187500000000009,39.639639639639654,1.436031331592691,9.92907801418439,24.70406905988782,3.619209188993966,6.533924188665119,-0.591715976331364,-1.3513513513513487,-24.210526315789473,12.04819277108433,2.541897743162269,1.478372525300764
2013-05-01,2.8748008215821796,7.706892021785827,5.971381397908648,8.838906040659399,-0.674172174474108,2.5128264925373234,-1.049868766404205,3.3878504672897103,-5.755395683453235,7.178293142226866,15.893077459280613,7.640925542662647,12.122711528946063,7.811836630720892,19.95048536693329,28.776706371714877,20.184994037299454,1.333333333333342,1.538461538461533,67.52556237218815,3.660322108345526,10.81081081081081,21.88428839390324,3.3625140178418,6.639579605200319,-1.0810810810810811,-3.658536585365857,-20.560747663551403,4.166666666666674,2.541897743162269,1.478372525300764
2013-06-01,7.066940005803768,7.521154352005066,6.1932287365813465,8.605657382645182,-0.6102262646027312,2.7033312016743194,0.0,3.143189755529696,-1.8181818181818188,7.013873991791675,19.276412763195182,11.223447712418299,13.897280966767367,11.326587694934886,23.623117679866155,32.10056098067733,23.853713949847698,1.8018018018018056,3.0959752321981338,-52.93933708567855,-9.090909090909093,12.3404255319149,9.34861148356636,2.523108112388739,7.0402754592532535,1.6759776536312776,1.1494252873563315,-2.8846153846153855,-2.0618556701030966,2.541897743162269,1.478372525300764
2013-07-01,12.80169217770164,7.141694003482857,5.613079019073575,8.20248082024808,-0.5827563879065578,1.5614236509758905,-4.973821989528792,2.780996523754342,-2.2304832713754608,6.655012171791519,6.403632733495823,10.002689430537991,10.17891682785299,10.0107148323894,4.68667054273364,0.35455278001612633,4.5553921568627365,-1.3392857142856984,0.9287925696594534,-30.892018779342724,-3.4431137724550864,12.857142857142856,10.19778521361836,3.6341954331215343,7.596578986151359,0.5681818181818121,4.166666666666674,6.666666666666665,2.0618556701030855,2.541897743162269,1.478372525300764
2013-08-01,8.32072067488776,3.3754956121315516,1.8882769472855943,3.312962367320682,-1.3752925277695338,1.3265481159586034,-3.6553524804177506,2.128883774453394,-2.2222222222222254,3.0459487913578664,12.479074444846173,9.638951423754039,9.132524605172797,9.618029168023746,13.780419455263914,18.813613231552175,13.925191321571194,6.944444444444442,1.8404907975460238,119.16221033868091,1.8720748829953227,10.526315789473696,9.058470134575614,2.510533122362091,7.70988043093539,0.5649717514124353,1.17647058823529,2.857142857142847,-4.807692307692313,2.541897743162269,1.478372525300764
2013-09-01,7.246863717919849,3.6440159541928585,3.7526427061310708,3.3749513621997185,-1.05049668874172,0.9124087591240837,-3.937007874015752,2.290950744558984,2.973977695167296,3.301574970387189,14.186163869719358,9.627795865682852,8.577981651376154,9.586407084881765,16.57348972178818,18.821913103211397,16.638004523526774,4.52488687782806,1.2158054711246091,-43.85786802030457,-0.44709388971683195,11.46496815286624,9.730336604425037,3.715345718232377,7.874679086313852,-1.098901098901095,3125,4.040404040404044,2.19780219780219,2.541897743162269,1.478372525300764
2013-10-01,13.980392156862752,3.984999142965018,3.3289646133682904,3.5654136466224395,-1.279045686120206,0.5566600397614252,-3.4391534391534417,3.200000000000003,-1.1111111111111072,3.5885349625627727,2.7769558319172383,9.200795447255805,9.337415263503178,9.206290569423192,-0.41206491739386175,4.241016866291858,-0.25502164573968367,0.43290043290042934,-0.30211480362538623,87.27678571428574,1.3493253373313197,9.836065573770503,9.26649175551777,3.505087791157413,8.094254302836013,0.60606060606061,3.105590062111796,4.545454545454541,-1.9417475728155331,2.541897743162269,1.478372525300764
2013-11-01,9.14941033460579,4.705748398791254,4.416403785488954,3.833257384597588,-1.3289559861052402,1.344162901103929,-4.509283819628651,3.981797497155859,5.660377358490565,4.229685213245138,-0.8010834275488099,5.495446045641872,4.874806115665864,5.470438027892355,-3.788711206266415,-11.022222222222222,-4.011425959780624,1.7391304347825987,-1.8018018018017834,104.56310679611649,4.457652303120363,10.606060606060597,9.063068707329158,3.1586552628431797,7.918788714671043,1.273885350318471,3.8461538461538547,3.9215686274509887,3125,2.541897743162269,1.478372525300764
2013-12-01,23.719216699264113,5.627578258443533,7.956067506027331,5.130789536837055,-1.017583239805464,0.3577919127669249,-3.7135278514588865,3.5734543391945595,-0.7662835249042099,5.128129459006647,-10.783959914699437,10.326390929688012,11.083521444695265,10.356905665183724,-19.30735574859105,-82.1501014198783,-21.09448144581949,0.8658008658008587,-1.2121212121212088,14.46051167964404,4.354136429608135,12.432432432432439,4.824473677755381,5.803653209436832,7.957835970684624,-0.46948356807511304,4.651162790697683,6.140350877192979,0.7874015748031482,2.541897743162269,1.478372525300764
