DATA,CFCT,NC-R,NC-I,NC-C,TEMP-MAX,I-PLUV,PNT-TOT,IMR-TOT,IV-CVA,PFI-IG
01/01/2007,429318.703,1219223,3987,118661,28.1833589642868,6.23924853333344,115812.7955755,1803769293.80084,60.2999992,136.714670859966
02/01/2007,415605.367,1221510,3969,118610,26.6233165017276,14.7241872803023,49735.073323,1805491877.38327,53.7999992,116.987384175686
03/01/2007,403309.289,1226555,3957,118493,26.9747854984331,12.1568662072515,122130.0845805,1798984366.6067,64.5999985,136.102969825308
04/01/2007,425813.502,1228348,3930,118971,27.2314936759096,14.6161535865872,86163.262406,1873640582.80097,61.7000008,126.774566322163
05/01/2007,429475.577,1230016,3893,119306,27.7419747032073,7.84484980723195,124931.94416,1875182813.29201,71.3000031,138.396840103263
06/01/2007,442719.782,1231970,3923,120398,27.3397239710465,5.00324935058263,87432.2970965001,1882816325.48018,66.4000015,135.185424007996
07/01/2007,438343.98,1238062,3951,121186,27.6123258763779,3.08666673796905,110474.9436075,1832423744.43958,65.0999985,141.608256198529
08/01/2007,453900.434,1247164,3996,121681,27.7392921413377,1.24452439588288,121292.663178794,1863333767.1544,68.9000015,144.055048714886
09/01/2007,468193.582,1254197,3999,121994,27.9896432506325,1.80552678389331,97235.956503,1837432526.83748,67.5999985,140.690710381217
10/01/2007,475702.026,1260688,4035,123506,27.6793753860522,4.54646801896475,114122.8598485,1906092372.11553,72.6999969,143.902126476483
11/01/2007,480990.19,1266589,4075,125489,27.965415783732,4.125727131239,97943.7449575001,1923243519.2409,70.6999969,141.149489177473
12/01/2007,469061.07,1270590,4037,126335,27.2074694912443,8.68835719430766,105793.734357254,1852635591.06587,96,150.324970289292
01/01/2008,451828.999,1271520,4028,126495,26.6730603590181,14.2098010172368,102741.741370791,1967513421.53438,71,144.666749902468
02/01/2008,434101.806,1284072,4028,127270,26.9137939152854,9.78260592544764,86876.8138600001,1960441013.40919,61.9000015,134.726645364665
03/01/2008,442302.578,1290445,4019,127442,26.4835343659535,16.0766416494052,113160.70614532,1948156932.49912,66,142.06703484186
04/01/2008,442263.187,1296565,3982,128296,26.8765423698041,13.4701010286488,104831.10880494,2010642352.80786,64.9000015,130.291827047158
05/01/2008,454109.888,1302394,4009,129139,27.0955564370564,9.17931200755157,124142.69169124,2003106391.62127,70.6999969,142.984580659172
06/01/2008,468463.708,1290329,3934,127774,27.146562206638,6.50366006602272,102107.762540775,2001566512.1037,68.5999985,146.195996754438
07/01/2008,490081.927,1286972,3887,127706,27.5548456336119,2.93836151041107,115899.749146215,1943083331.64182,73.0999985,154.759776831598
08/01/2008,486707.999,1289250,3919,127327,28.2301527539798,1.98290473808608,139177.22445784,1976314346.57342,69.4000015,162.406011091447
09/01/2008,518423.196,1290288,3927,127231,28.4224502062969,1.95998848999538,101275.253752775,1964113034.58192,72.3000031,153.995153405614
10/01/2008,518975.383,1295890,3929,127267,28.3045099355523,3.93068436023364,120863.538288885,2041247632.18759,70.1999969,163.32356837811
11/01/2008,495530.72,1299944,3911,127546,28.3829740814809,3.42830820789322,122657.761987575,2059208316.73906,65.8000031,149.40741269678
12/01/2008,491799.112,1303789,3903,127544,27.9572417588558,5.0421985558649,125687.66614156,2000180244.90023,90,145.1255285458
01/01/2009,474704.412,1306268,3870,127272,27.5604197583448,9.2717744964192,118847.421565814,1915521656.1006,64.8000031,140.843632772544
02/01/2009,442865.376,1315920,3864,127562,26.7965944958092,14.2815978826462,85546.56519,1919638290.42311,59,125.704086491248
03/01/2009,451285.504,1322599,3834,127776,26.9092736425522,15.5473924776026,144304.990280775,1911160400.65422,67.4000015,140.996555010946
04/01/2009,445154.949,1329112,3809,128298,26.8096404494178,13.9404212377706,124698.60939715,1977629539.13161,61.7000008,126.468709917233
05/01/2009,426491.05,1334600,3807,128753,26.826750716071,13.8949317311122,156860.84015451,1977471558.88197,69.5,128.456735565459
06/01/2009,456305.447,1343143,3808,129579,27.4643103535858,6.87106744183629,128409.4100399,1983628851.64435,71.5,145.1255285458
07/01/2009,489865.777,1349523,3826,130424,27.778303425009,4.43494261320235,136127.56246894,1934290460.9318,72.6999969,150.324970289292
08/01/2009,488691.918,1356719,3826,130427,28.2989966381496,2.55692696271354,167449.37864628,1985324709.01398,75.5,147.419398823754
09/01/2009,505627.39,1363769,3798,130864,28.5043490848745,2.41243953614565,143480.2326553,2000477309.70077,77.3000031,140.690710381217
10/01/2009,510815.423,1370522,3825,131208,28.3563002709977,2.95896617834975,169898.641094775,2102038411.80168,75.5999985,148.184022249739
11/01/2009,515939.199,1377953,3824,131717,28.4661637751106,2.76227121030364,150537.424009115,2143095962.22029,72.9000015,139.926086955232
12/01/2009,524125.664,1385198,3778,131968,27.9970617869188,5.25683947430581,144022.30488404,2106609884.16463,101.199997,143.59628169383
01/01/2010,486733.474,1388238,3814,131707,27.3544085059144,8.47567467983667,162986.50916015,2269782023.94546,70.6999969,144.207982881413
02/01/2010,472395.153,1392446,3781,132029,27.7504714927604,9.56869891607034,128326.8634087,2294966910.67864,65.5,134.879567603067
03/01/2010,526190.571,1400399,3759,132048,28.3223280960934,7.41050396631222,169363.697847665,2309666822.69684,78.5,152.465906400719
04/01/2010,512707.11,1410594,3762,132947,27.6649538671627,11.9764077317556,130507.94324825,2418553483.27809,70.4000015,142.525801862916
05/01/2010,513177.626,1419310,3725,133583,28.3192264721318,10.6419118354709,179785.10890962,2444576360.77181,80.0999985,147.266476585352
06/01/2010,545454.377,1429481,3769,134517,28.0577021739168,4.6991165016195,124926.24475387,2478548661.56584,74.8000031,148.489867032393
07/01/2010,535256.215,1438304,3760,134564,28.2086270661181,3.611866137898,151637.808985735,2443006054.00653,81.3000031,152.924685196975
08/01/2010,531673.018,1446444,3763,134706,28.4254622373085,3.30076474918616,179404.329782425,2488528716.00822,82.5999985,162.100166308794
09/01/2010,553853.605,1453109,3796,135062,28.9090970584361,2.17109661402335,157924.69235017,2482061391.95745,82.1999969,151.854217141262
10/01/2010,552320.076,1460751,3783,135544,28.5855778674433,3.71050832369625,173519.68275873,2590053898.37788,81.6999969,154.301010422242
11/01/2010,549591.074,1468084,3813,136134,28.494661117407,4.15754095605392,160935.32914884,2623397862.70979,83.4000015,158.735827822201
12/01/2010,550527.989,1474592,3801,136266,27.953802694718,6.35350936966182,160684.047542565,2555324626.07469,115.099998,163.782334787467
01/01/2011,518662.499,1481937,3783,136253,26.8755141269216,11.6221228232369,150783.16725685,2666239376.73108,77.1999969,151.548360736332
02/01/2011,475427.867,1488615,3797,136432,26.7912625853609,10.9087391812563,135646.42084574,2675697173.35286,74.9000015,131.515229269399
03/01/2011,514290.826,1502513,3803,137150,27.0237062721073,13.6821002688462,166012.94282847,2673209662.98788,79.8000031,139.467308158976
04/01/2011,506178.689,1511408,3746,138066,27.098535831446,15.1167650051179,157725.893617355,2774454461.02185,78,144.055048714886
05/01/2011,528106.773,1520731,3740,139446,28.1223508170548,10.7106395173272,186955.08334981,2782981667.28144,84.5,156.441957544246
06/01/2011,568019.594,1533208,3761,140314,27.879830557621,5.27031686259823,138608.179401305,2801320014.44571,83.6999969,153.842230249663
07/01/2011,559237.471,1540185,3756,140503,27.8056423398287,4.09091820769215,158641.08129626,2741268090.59051,84.8000031,170.205179211974
08/01/2011,564234.42,1534183,3728,138758,28.4465388889971,3.47791721365452,175943.319446704,2762735882.32743,87.8000031,168.522998499326
09/01/2011,575186.7,1519352,3714,136639,28.9122945622057,1.09768155910075,163470.774228064,2723679332.92451,84.6999969,159.959217657542
10/01/2011,567493.415,1512775,3702,135485,28.2644212001944,4.25465080322968,183390.095354352,2802591706.60416,85.5,161.335542882809
11/01/2011,548854.835,1542677,3747,139173,27.9098227568644,5.95619454563762,172550.57564992,2805162029.95211,84.5999985,156.900723953603
12/01/2011,579173.014,1550378,3676,139512,27.6756076010627,4.92329513395258,178712.948365984,2699252773.73641,119.800003,170.052245351296
01/01/2012,547212.626,1556509,3756,139520,26.7981743595713,10.9983261778718,168118.165706976,2748583194.12392,84.9000015,127.845034530801
02/01/2012,503030.702,1557211,3711,139053,26.3086011928248,10.4004100689263,153383.198049664,2726434439.33293,78.8000031,128.456735565459
03/01/2012,540000.068,1550654,3694,137676,26.9245733125207,15.5384519280878,176475.338023248,2688767257.17342,91.1999969,139.620242325504
04/01/2012,534004.535,1548919,3621,137383,27.6169627136408,8.57097760770094,177627.199806848,2748125545.5273,83.0999985,144.513827511142
05/01/2012,563934.189,1548309,3633,137266,27.2118268622196,6.41188649739891,199574.385059184,2719307963.18479,95.9000015,163.47649153406
06/01/2012,558140.419,1554415,3633,137927,27.2140653200941,6.49651568911039,176940.865548208,2746216651.7011,96.5999985,158.735827822201
07/01/2012,548563.69,1564720,3666,139332,27.384829465219,6.39053310427475,204000.15839224,2700398575.37795,97.0999985,161.182621256106
08/01/2012,578166.841,1630536,3808,146032,27.9503068942536,2.07432719582765,218611.020403568,2763774003.42743,103.699997,161.182621256106
09/01/2012,577252.197,1634207,3783,146412,28.1656439895126,3.40312776020672,202938.828566864,2780184589.98472,90.5999985,151.701282974734
10/01/2012,578267.548,1638540,3813,146577,28.371130832438,1.52104710365467,241155.56863968,2913722888.04962,102.5,167.911308934019
11/01/2012,588812.981,1641874,3801,146966,28.2217858168974,3.57972025470001,218800.445240112,2978628929.42977,95.5,156.136100527618
12/01/2012,579896.588,1644050,3786,146685,27.8210269913174,7.37916334360742,225367.28424,2813771136.76669,127.400002,174.181219497849
01/01/2013,566875.968,1650994,3798,147498,27.6157240069359,9.6274892619562,220682.13418608,2735032402.61312,92.6999969,143.902126476483
02/01/2013,552695.678,1656316,3808,147928,27.38326433656,12.0426625910623,153381.5508416,2665327616.99817,81.9000015,120.504656675882
03/01/2013,536019.25,1659983,3807,147963,27.3827373926267,14.5062333566374,264366.156489936,2694657726.20052,95.3000031,123.716072618223
04/01/2013,578249.863,1664662,3835,148938,27.2871629942266,13.3273959398602,210046.99682088,2781752796.83303,93.3000031,109.646994545566
05/01/2013,583854.572,1668468,3844,149470,27.1874235679541,10.5195247448629,239858.040384592,2820862146.75728,99.9000015,130.138904808756
06/01/2013,598224.195,1671820,3856,149851,27.2963427987346,4.06143630685142,219147.512279984,2881663674.54611,95,153.842230249663
07/01/2013,615243.109,1677567,3865,150875,26.9250472081035,5.27624794948186,213292.62304136,2975021516.88985,98.9000015,171.887349219894
08/01/2013,623085.612,1685819,3884,150888,27.7749925087069,4.9915519737897,249053.461913488,3077755232.43462,98.9000015,165.617438656065
09/01/2013,614555.467,1692961,3918,151333,27.8600686879478,2.94686870403805,236704.1544236,2999002059.57883,93.0999985,157.512425752885
10/01/2013,645972.84,1702386,3931,151650,28.034581047535,2.93276986781294,240541.420439632,2924353218.53255,100.5,176.322166619853
11/01/2013,627155.554,1716648,3938,152368,27.6318135674325,4.41881257339854,210023.368768032,2914400228.90583,99,161.79432152614
12/01/2013,662042.624,1729157,3917,152936,27.6172049363482,6.39039525089973,177827.3475084,2835099054.7305,128.300003,184.580090445009
01/01/2014,601371.629,1741703,3969,153575,26.8057567846165,9.45428707005168,228739.95693432,2979795268.47551,96.6999969,142.984580659172
02/01/2014,601215.121,1750214,3995,153968,26.6722052928723,17.7034790361496,112439.786833554,3002305355.12019,86.9000015,125.39824186152
03/01/2014,602973.095,1758990,3986,154263,26.8574598554296,13.1368781774308,183484.564829152,2978047095.13405,92.9000015,139.314385920574
04/01/2014,593563.991,1770981,4011,155177,26.9943133475165,14.0103382376964,189280.973801778,2984642759.6019,92,150.172036122765
05/01/2014,632364.559,1779939,3993,155899,27.2667403425136,8.3464646065931,193700.818526069,2968972873.77145,100.699997,165.464504795387
06/01/2014,653521.083,1793633,3998,156986,27.2718092264749,5.80342049982092,171727.531248246,2972583545.56447,92.1999969,163.47649153406
07/01/2014,652538.477,1804937,4020,157552,27.0851733582446,4.66609423260711,175004.198636185,2944368134.91137,100.900002,170.205179211974
08/01/2014,669877.445,1819690,4020,158204,27.5232260772175,2.04540449841818,217237.227810237,2982550018.20807,97,175.25168617724
09/01/2014,688501.893,1832026,4021,158816,27.6474676681867,4.95361831623798,186137.799018773,2935612119.16166,96.9000015,166.534985238
10/01/2014,685928.214,1843676,4008,159513,28.009354457128,2.23567183174567,227404.432093043,2889547042.33355,110.900002,185.191790715043
11/01/2014,687279.039,1856075,4011,159950,28.4654163691002,2.04181915359131,202615.782880934,2896518347.41787,104.400002,172.957815899285
12/01/2014,729266.634,1869270,4013,160569,27.9870756614026,5.66761661714372,166989.029255079,2784189050.63013,128.5,187.179817739591
01/01/2015,641407.045,1880967,4033,161049,27.4726671183556,9.43058966784039,202496.726749214,2846626648.50931,95.4000015,151.548360736332
02/01/2015,649454.05,1889002,4013,161322,27.2481400009264,9.66262587789258,98071.7433494588,2829256033.67942,83.4000015,137.02051564262
03/01/2015,628684.508,1898618,4017,161280,26.9433330744693,13.6578364953522,186494.367343463,2784364163.43072,96.9000015,157.818270535538
04/01/2015,593787.93,1909301,4007,161759,27.3368977288054,13.9386066183296,209437.845668198,2653164024.91239,90.3000031,159.959217657542
05/01/2015,621790.738,1916518,4003,162542,27.7278062019212,8.24545195101245,236471.545749256,2618754651.21887,94.8000031,166.687906864703
06/01/2015,618494.728,1922455,3989,163183,27.6179559217148,5.11387599322508,227081.059384056,2650041732.69526,91.5999985,168.828855515954
07/01/2015,689896.954,1925572,3934,163747,27.5139763516612,4.78884723573657,147896.732518095,2758723772.09726,94.3000031,175.710466349818
08/01/2015,661321.533,1933069,3938,163933,28.1144000301274,1.83075297576673,227476.609313792,2789440859.62597,90,165.00573838603
09/01/2015,693598.953,1941827,3985,164748,28.7760259985775,1.01794368537927,191162.067108077,2843597072.90775,87.5,181.215751958416
10/01/2015,728070.376,1948110,3975,164958,29.2089030644408,0.634035958199153,181149.249372622,2769282122.78415,91.3000031,185.344713870994
11/01/2015,711245.24,1950691,3966,165928,29.1107095969111,2.89115512470303,114799.517941569,2805435217.10311,92.5,176.78093302921
12/01/2015,725741.516,1959171,3946,166316,28.3650561119792,5.92605946065631,118042.519238256,2734680866.92027,113,187.332739366295
01/01/2016,642103.368,1966031,3971,166485,27.9421033626817,9.65108983216948,225558.806092253,2636213752.69608,82.1999969,166.993751647356
02/01/2016,631200.962,1974405,3966,166699,28.0670223429059,10.4835975437754,181650.335547768,2655782948.11042,78.5999985,157.359504126181
03/01/2016,639932.183385,1940598,3659,162110,27.9019371776965,14.9046783823614,242937.936488414,2661974836.16352,83.0999985,168.675932360004
04/01/2016,643012.986461999,1967295,3562,164637,28.3358007117846,10.5878105261725,228827.825740597,2664318812.62533,79.0999985,172.499049489929
05/01/2016,692653.023662,2026192,4071,170141,28.4125669894972,5.87572534448163,219841.742848269,2678809578.48387,80.5999985,179.074803307164
06/01/2016,708024.281511,2012284,4393,172313,27.8307054373145,5.84650277171423,150145.291393917,2668972780.40928,78.5,193.14388199152
07/01/2016,710701.189034999,2042482,4307,175090,27.7596761708887,3.93552794979575,138495.725660585,2640018678.01956,78.4000015,192.838024974892
08/01/2016,727884.905825,2037910,4118,173904,28.5598036414782,1.98444253813085,197912.074786596,2667397285.8286,77.3000031,192.379258565535
09/01/2016,732970.801067,2051814,4089,175155,28.569934236839,1.92658439974326,150431.566893467,2620477292.21328,71.9000015,187.332739366295
10/01/2016,722517.370555,2059812,4233,174939,28.7199133873985,3.55418832759749,188048.757126259,2561564688.17612,76.1999969,189.014907844968
11/01/2016,719129.063357,2066662,4055,174358,28.8256254451734,2.3345107483603,177859.09733363,2576548209.47652,79,193.602648400877
12/01/2016,716071.835453999,2074578,4054,174936,28.0643938449784,8.86694566159051,110972.443652178,2533440574.43805,98.8000031,207.518793224555
01/01/2017,652710.179095,2087045,4049,175616,27.2628936001936,14.0455435343955,178492.405728321,2629000259.80038,76.1999969,190.544154696938
02/01/2017,626060.753709,2090902,4003,175029,27.0550105689406,17.2489514055638,137230.429554179,2664053104.78734,68.1999969,161.79432152614
03/01/2017,640799.580261,2112228,4039,176597,26.9293201766542,17.2739284599835,209637.372776903,2655860583.13855,82.6999969,179.227726463115
04/01/2017,655164.411836,2109517,3964,175526,27.4875976605743,13.6324181179827,160457.996377318,2692567375.77446,76.9000015,181.521596741069
05/01/2017,704536.993015,2137612,4269,178309,28.1926864495739,6.51061807084082,193425.583509967,2691962662.43413,84.4000015,206.295391155239
06/01/2017,726314.097599,2138988,3996,177987,27.956219147397,5.65707875271839,160990.065714098,2743369380.25491,80.9000015,207.518793224555
07/01/2017,722645.272425,2160506,3946,178736,27.6631496583892,1.34738019600334,190431.104589952,2898916785.97869,83.8000031,218.835233692353
08/01/2017,730593.344717,2168333,3945,179028,28.6041701380813,2.30103285284257,201450.479191921,2995551537.42977,84.4000015,211.494844215157
09/01/2017,741789.35162,2177107,3944,179178,29.112351304137,1.02041671281277,179077.768336648,2949767545.78675,81.4000015,211.647755137133
10/01/2017,740184.603345999,2187122,3997,179026,28.8936671273942,4.08285790912707,183022.79663621,2929967662.42381,85,221.129103970307
11/01/2017,733968.000685,2196232,3971,179285,28.6903667727633,2.67613243006777,169733.475902075,2944298305.92749,89.1999969,214.85918270175
12/01/2017,739644.317440998,2204532,3878,179151,28.242672143798,5.8154109499847,134065.845914515,2897466019.10663,108.199997,222.199572178946
01/01/2018,671113.548645,2204215,3817,178385,27.5575785457367,8.82825355647954,184382.341203739,2829898442.29152,85.4000015,220.364480544323
02/01/2018,641592.564667,2200393,4043,177234,26.7900650899196,19.1018069910557,119040.208295925,2861342881.53024,74.6999969,161.947244682091
03/01/2018,670116.70056,2228372,4058,179561,27.6885160620383,13.8735075964744,204023.34505274,2858166336.03462,89.1999969,199.719648042731
04/01/2018,669986.295784,2225374,3948,177787,27.2089566874279,12.8608574869457,155812.159321698,2888671664.99422,81.5,179.992349889099
05/01/2018,688620.498777,2235797,3936,177777,27.8168555928506,11.8687341449182,174397.442799565,2893574002.46321,88.4000015,219.141078475006
06/01/2018,715526.111097,2238855,3923,177436,27.8581321274102,3.27839025570026,168265.36822576,2919783746.23376,85.9000015,235.351081342664
07/01/2018,725543.983975,2245099,4007,177023,27.7709483113957,3.18282354278835,180735.199488782,2978875827.41908,88.0999985,248.655547305763
08/01/2018,709848.30315899,2255055,4020,176761,28.0935196979178,3.65172534989921,219373.241969875,3060751272.12286,92,235.198170420689
09/01/2018,748577.53163723,2251586,3977,175632,28.5212041170036,3.5222198929911,196478.968166197,3059413060.55784,86.1999969,241.773936471899
10/01/2018,756947.86420013,2264070,3996,176075,28.7695212308658,3.13053132072027,241468.96519629,3095225275.21823,90.9000015,249.726015514401
11/01/2018,769203.48201911,2261596,4035,175357,28.742607298258,5.99962487484802,185607.734347774,3170357100.79133,100.699997,233.821834490694
12/01/2018,709991.48838789,2267587,4059,175187,27.2246694121175,13.4376866046541,163236.337655435,3037235903.06195,113.800003,237.339106837965
01/01/2019,663872.89189126,2271946,4025,174776,27.2307172785302,10.99514368909,229640.027795513,3009247250.92519,88.6999969,222.199572178946
02/01/2019,648523.72413839,2290938,4011,174389,26.5810810755345,15.0836039810047,166775.072476858,2959411841.90631,82.8000031,182.592077183682
03/01/2019,664518.79002472,2275911,3999,173836,27.1451083770008,18.7418275074321,217587.652819996,2926614189.17059,88.9000015,175.863387976522
04/01/2019,679499.16469375,2281953,3965,173925,27.4641963318642,15.2306914450893,209040.158686907,2874526813.25927,86.3000031,123.410216213294
05/01/2019,699172.71258864,2291882,4027,174296,27.8909223015112,10.9431258932187,231989.882384652,2851294558.97576,92.0999985,219.905701900991
06/01/2019,719014.47514071,2292092,4044,173441,27.8376134524504,6.69281003440259,182157.823538666,2849041338.19772,89.3000031,241.926847393874
07/01/2019,728832.51593277,2299220,4074,173399,27.7957492552927,3.74674769691111,199729.905781527,2891422573.62026,93,257.219315913572
08/01/2019,739419.5584713,2302210,4034,173032,28.3001071276701,3.03763485765413,212548.896853422,2950697288.60671,96.5,265.018484034099
09/01/2019,749033.62276044,2305809,4034,172777,28.9711653918324,3.41965328419466,192916.768793177,2972772264.18592,92.8000031,237.18619591599
10/01/2019,763697.56458413,2315854,4051,172831,28.3202975104994,5.88457342426694,199162.35219966,3109384361.92588,99.5999985,241.468068750543
11/01/2019,749033.4294293,2323102,4089,174127,28.376842939651,6.10965932819798,166127.070748289,3208439222.44763,109,227.093157517508
12/01/2019,772002.30973673,2316374,4001,173085,28.3790247813803,7.14982983698373,166649.150516214,3091524765.24889,121.099998,240.703445324558
01/01/2020,694356.696968415,2333794,4034,173164,27.3475583956601,11.9505331842458,186627.756392709,2960006310.6361,98.1999969,120.853567309001
02/01/2020,686586.578883696,2314544,3977,170912,27.1234310187334,15.676336033573,142898.334433755,2926535376.98868,89.8000031,114.641467480556
03/01/2020,687102.407967348,2321842,3995,171113,27.5905511101832,19.4849277322448,194498.10176258,3018597509.79069,87.5,106.564989767942
04/01/2020,679789.396766448,2322060,3971,170052,27.562550875067,12.427366568064,158879.150520907,3297235194.65112,67.9000015,88.4179335562753
05/01/2020,663116.112429701,2344109,3967,169855,28.4029775482971,10.6161006065455,235579.34132639,3403409289.15198,71.4000015,94.4120264851151
06/01/2020,690465.617192511,2344363,3945,169550,28.0578141131159,6.32149925123761,217019.18838829,3358620880.91586,102.599998,100.912606448297
07/01/2020,769034.276680801,2334105,3987,169586,28.5551344733262,3.18792404554188,212236.615112313,3183729850.4654,112.699997,118.837011726363
08/01/2020,805096.57236183,2335997,4000,169188,28.7912914050655,1.15100432971354,218921.799259459,3197772668.00827,117.099998,115.131543659257
09/01/2020,811322.382536289,2346932,4026,169102,29.4533235615636,3.12924945286922,202028.291564876,3219652038.46173,106.546695976542,115.784997008384
10/01/2020,802082.762733209,2353972.796,4034.052,169017.449,28.5030607269395,3.17270918621817,195219.540050475,3210467354.5208,107.760997710999,120.280846419866
11/01/2020,780288.074436299,2358680.741592,4038.086052,169101.9577245,28.4487104959608,3.90249465453292,157045.277960621,3310080442.51937,110.145095569424,117.689202891558
12/01/2020,781390.297336774,2363398.10307518,4042.124138052,169271.059682225,27.9388723605474,7.01515924576731,246350.05500469,3182512356.69042,129.046115488951,120.485583718826
01/01/2021,702686.807138219,2365511.31616356,4045.33377615238,169576.203084643,27.2966450986471,10.4617321342885,176201.121057697,3078740169.21405,101.221826114458,114.333802901999
02/01/2021,680061.741002268,2367626.41876414,4048.54596285749,169881.896566303,27.0700504543035,13.4437192387573,132484.660676212,3045137850.58274,89.0149416493209,106.081922331751
03/01/2021,690452.194634504,2369743.41256641,4051.76070019106,170188.141118827,27.3372337188018,14.7464430791966,291550.383441945,3143508393.92055,98.9831380889457,114.07495637096
04/01/2021,699696.108666576,2371862.29926138,4054.9779901784,170494.937735626,27.4598117045015,12.879966844065,148717.462074537,3240946296.75426,92.4027878496121,108.097500120109
05/01/2021,725146.033556658,2373983.08054157,4058.19783484644,170802.287411899,27.8683075586841,9.15365301933366,226034.222775646,3343229733.12203,100.220101242037,122.586873705849
06/01/2021,745143.124436645,2376105.75810099,4061.42023622372,171110.191144644,27.7161991160222,5.38554208354533,327310.930537212,3301559115.55604,97.8452882855141,113.828858373167
07/01/2021,759347.058706876,2378230.3336352,4064.64519634039,171418.649932652,27.6789048780425,4.02044639079372,193780.715096121,3181965381.62129,101.909917267009,126.205087988491
08/01/2021,769590.744645084,2380356.80884125,4067.8727172282,171727.664776517,28.2348926042567,2.7133235031712,170775.287227753,3205299449.69163,107.113658879458,123.800169721874
09/01/2021,786171.618390838,2382485.18541771,4071.10280092053,172037.236678635,28.6271433251129,2.60076912559974,183483.571523295,3177164155.89621,101.920851218226,122.126834214336
10/01/2021,790657.345116886,2384615.46506469,4074.33544945237,172347.36664321,28.5164025865706,3.19214036875166,184298.306739996,3208025289.20389,107.974147296315,127.714065298823
11/01/2021,779706.981053303,2386747.64948379,4077.57066486032,172658.055676257,28.4471238342199,4.00615133128104,145811.696597277,3290901593.1762,114.092358492831,126.14421172808
12/01/2021,786772.618491909,2388881.74037816,4080.80844918261,172969.304785603,27.9335824126954,7.17500649771836,228858.44407473,3166139465.84114,131.408563780245,128.26881020738
01/01/2022,713004.420547273,2395278.36144064,4084.34557626166,173564.364149546,27.2913938798046,10.642282811966,166243.927896957,3151298141.49377,98.5833549421383,118.408331011047
02/01/2022,693594.287935354,2401692.11050084,4087.88576922046,174161.47067236,27.008193996262,13.795993813547,121658.223286082,3116611044.28174,90.4984941346047,109.86237713542
03/01/2022,707263.444820777,2408123.03342178,4091.42903071642,174760.631396803,27.2476796845026,15.4133466349134,276456.419979222,3218833770.09408,101.341930274583,118.140259933638
04/01/2022,718822.674672082,2414571.17618928,4094.97536340927,175361.853389863,27.4411624169868,12.9621085815477,138550.930623993,3237343929.43455,95.8488354834512,111.949784322838
05/01/2022,746720.894728903,2421036.58491228,4098.52476996102,175965.143742839,27.8273149301889,9.01835676332119,218207.440773321,3266546798.16168,104.726853711842,126.955517536781
06/01/2022,769435.327879256,2427519.30582321,4102.07725303601,176570.509571427,27.6851533834863,5.44794440917495,313100.85152439,3313581381.68137,103.390265885281,117.885391710556
07/01/2022,785792.81872476,2434019.38527827,4105.63281530088,177177.958015803,27.6307483154902,4.05759005014787,183166.179245716,3259111402.19595,107.271299706694,130.702674576727
08/01/2022,797921.507010113,2440536.8697578,4109.19145942459,177787.496240705,28.2175680921611,2.65991975353348,160144.300777953,3332384881.93384,109.616024860198,128.212051935475
09/01/2022,817460.556562292,2447071.8058666,4112.75318807839,178399.131435524,28.6015111675381,2.63983026301577,163163.078330068,3302105200.73732,105.477697515131,126.47908356007
10/01/2022,823600.494781386,2453624.24033425,4116.31800393588,179012.870814379,28.5101139246731,3.14501600921125,173863.536903798,3333414047.71623,110.622949633309,132.265427501189
11/01/2022,814065.372483236,2460194.22001548,4119.88590967295,179628.72161621,28.4428022630211,3.99238863811987,134199.097813846,3419472224.20122,110.697859458992,130.63962886137
12/01/2022,822605.988434238,2466781.79189044,4123.45690796781,180246.691104863,27.9317442052388,7.24968805481441,210813.200641841,3288241687.13246,145.564758483513,132.8399419238
01/01/2023,744961.584925773,2472891.38907912,4126.9532862154,180556.208073055,27.3292011300667,10.553206447305,163840.813053937,3307630022.83225,102.461725067563,122.673543124157
02/01/2023,724729.126673391,2479016.11820122,4130.45262912616,180866.256539235,27.0279150336166,14.0584715073916,118201.171078441,3262597580.44808,94.0587975575664,113.819753594761
03/01/2023,738012.234136636,2485156.0167347,4133.95493921391,181176.837416084,27.2680409038112,15.5707326681922,273162.807284272,3369213373.12499,105.328825578161,122.395815800462
04/01/2023,749968.486547671,2491311.1222504,4137.46021899458,181487.951617848,27.4723102883996,12.7662307248595,135651.809339245,3388506944.50881,99.6196268134269,115.982351728161
05/01/2023,778653.711966131,2497481.47241217,4140.96847098625,181799.600060346,27.8004934859283,8.86451287659336,217568.785326779,3418911528.5598,108.846915369351,131.528609705216
06/01/2023,801771.986118047,2503667.10497715,4144.47969770913,182111.783660968,27.667455458565,5.46409236795465,310754.769512013,3467982248.29973,107.457744809127,122.131766913967
07/01/2023,817866.280325769,2509868.05779603,4147.99390168557,182424.50333868,27.6148488587321,4.05456021764385,180689.368922293,3411142593.01036,111.491462474963,135.410743899725
08/01/2023,829538.325065168,2516084.3688132,4151.51108544004,182737.760014025,28.196752565176,2.58555634806793,157330.757534715,3487618691.73615,113.928431516829,132.83040600138
09/01/2023,849810.570507215,2522316.07606705,4155.03125149918,183051.554609127,28.5732581316592,2.78002559973532,155743.390166561,3456035336.81957,109.627298136669,131.035013997136
10/01/2023,855495.97593723,2528563.21769018,4158.55440239175,183365.888047696,28.5324496268985,3.04414011884594,171340.105826319,3488883238.84178,114.974969741531,137.029789085435
11/01/2023,844317.278916858,2534825.83190964,4162.08054064867,183680.761255024,28.491254945399,3.81386082834553,130543.957096666,3578961104.26645,115.052826596459,135.345427201013
12/01/2023,852518.62874948,2541103.95704716,4165.60966880299,183996.175157995,27.955029351073,7.4611783203473,205165.857475997,3433009906.15355,151.291425129707,137.624998216379
01/01/2024,772470.591678987,2548170.26170815,4169.00517092737,184331.032491436,27.3774762910208,10.5127410172535,157534.258800981,3467065020.03577,107.017723294985,126.888392684651
02/01/2024,751789.092985978,2555256.21635686,4172.40344081821,184666.499236641,27.0933072009614,14.3910225472521,110664.994422645,3419990304.17701,98.2411565278372,117.730402347515
03/01/2024,766209.310137666,2562361.875636,4175.80448073157,185002.576502688,27.2992652302922,15.573667280929,263883.733386821,3530832365.68818,110.01231048254,126.601123133199
04/01/2024,779182.574885479,2569487.29434023,4179.20829292539,185339.265400672,27.4591600679231,13.1476173718739,128854.300065955,3550862624.91791,104.049250098406,119.967303591104
05/01/2024,809223.322613314,2576632.52741658,4182.61487965942,185676.567043712,27.8540086335382,9.08747891106559,213617.35678674,3582348332.59101,113.686833428081,136.047703950723
06/01/2024,834244.447307199,2583797.62996488,4186.02424319526,186014.482546952,27.7086727438805,5.37023570239504,302626.149962778,3633398704.65674,112.235892888815,126.328001986256
07/01/2024,851005.43628605,2590982.65723818,4189.43638579637,186353.013027564,27.6357597126879,3.84219904613195,174034.813817281,3574238827.39695,116.448971291779,140.06322152348
08/01/2024,864500.475491628,2598187.66464317,4192.85130972803,186692.159604755,28.219156717078,2.63203172554432,150398.093965618,3653871428.50225,118.994301056908,137.394227703248
09/01/2024,885498.583496062,2605412.70774063,4196.26901725738,187031.923399768,28.6103139627634,2.72337994878338,140849.528919349,3621030534.90218,114.501916201692,135.537149152685
10/01/2024,892289.002281104,2612657.84224582,4199.68951065342,187372.305535886,28.5471149718494,3.18260312022696,164727.003409529,3655631314.50381,120.087373988042,141.737894285565
11/01/2024,881414.057943166,2619923.12402897,4203.11279218696,187713.307138438,28.5157521388991,3.83514633504057,122503.132733056,3750028221.94873,120.168692776613,139.995660656613
12/01/2024,890232.744395557,2627208.60911565,4206.53886413072,188054.9293348,27.9672113837781,7.46863422732365,192697.081229541,3597435827.05796,158.018653899871,142.353553766928
01/01/2025,805976.113331998,2634255.61338531,4209.66549520058,188353.68949837,27.3558174077558,10.5932184495532,150161.118370165,3608780995.92083,111.192392121552,130.756932769077
02/01/2025,783887.654118947,2641321.51994884,4212.79445022896,188652.924297917,27.0669474613615,14.6045098159966,102194.34044364,3559867247.12038,102.073459075632,121.319736020997
03/01/2025,797985.096943281,2648406.37950817,4215.92573094321,188952.63448749,27.2916768518982,15.6707067285919,252894.661234541,3674634607.90902,114.303795565288,130.460905018776
04/01/2025,811391.374443506,2655510.24290122,4219.05933907197,189252.820822334,27.4747961655319,13.1312738656933,121086.636287418,3695355410.92763,108.108121352994,123.624835323862
05/01/2025,842108.473742961,2662633.16110228,4222.19527634515,189553.484058893,27.914607275864,8.95729292617493,208493.965724228,3727873147.37935,118.121658472855,140.19549071823
06/01/2025,867324.207026392,2669775.18522238,4225.33354449396,189854.624954816,27.7461572843483,5.48921746562628,292686.323599903,3780754443.20447,116.614117998065,130.179457025835
07/01/2025,884650.137246737,2676936.36650963,4228.47414525088,190156.244268952,27.7003699403774,3.71183096400923,166220.594967394,3719454654.56531,120.991544945655,144.333432339091
08/01/2025,897953.837227802,2684116.75634962,4231.6170803497,190458.342761358,28.2595352814754,2.41752988479474,142392.785828242,3801990881.96109,123.636165823477,141.583066934271
09/01/2025,919506.4518368,2691316.40626575,4234.76235152549,190760.921193297,28.6785180786558,2.70306278921477,124450.117327868,3767983255.68737,118.968536920503,139.669370259222
10/01/2025,925337.711564711,2698535.36791964,4237.90996051459,191063.980327242,28.5937089649689,3.20531523408278,156997.507020602,3804110768.73969,124.77187858426,146.059162085754
11/01/2025,913466.912434257,2705773.69311147,4241.05990905465,191367.520926878,28.5961101908506,3.78208576791712,113445.84818261,3902350949.81829,124.85636954844,144.263811694209
12/01/2025,922471.412974186,2713031.43378039,4244.21219888463,191671.543757102,27.9990301517262,7.5666559524531,178640.115398854,3743782618.40485,164.182824918848,146.693591632145
01/01/2026,833846.810918725,2720452.50651754,4247.20339865505,191951.470972923,27.4058229189502,10.6967576658715,146513.809171472,3749793586.56368,115.173364307913,134.309531913316
02/01/2026,811000.499178754,2727893.87843732,4250.19670653781,192231.807009191,27.1028331130423,14.3227853414372,97511.5163985821,3699031759.68,105.72795012302,124.615931344947
03/01/2026,824994.356961351,2735355.60506497,4253.19212401863,192512.552462968,27.3311511243044,15.9010547786974,247662.435381904,3817834146.689,118.396163957215,134.005461240088
04/01/2026,838967.64030509,2742837.74207761,4256.1896525843,192793.707932191,27.5184764217151,13.0513589227839,116984.204945561,3839269427.55081,111.978668752996,126.983659019686
05/01/2026,870502.59595922,2750340.34530466,4259.18929372266,193075.274015665,27.973504269805,9.01282277340964,206689.159658611,3872868486.92122,122.350716127028,144.004530665896
06/01/2026,896354.382150297,2757863.47072822,4262.19104892259,193357.251313076,27.7892798350641,5.46065355342676,288401.580432874,3927626208.11779,120.789201845347,133.716366448788
07/01/2026,913940.482174117,2765407.17448357,4265.194919674,193639.64042498,27.7562969023894,3.62507975777305,162404.668032293,3864137740.27234,125.323351879775,148.254898049199
08/01/2026,926992.640744725,2772971.51285951,4268.2009074679,193922.441952814,28.3264724818625,2.45135946537443,138288.148725947,3949638175.09956,128.062656952776,145.429806619712
09/01/2026,949121.119473423,2780556.54229881,4271.2090137963,194205.656498891,28.772249934153,2.49846683221266,114869.85183484,3914432118.88294,123.227914990317,143.464115782472
10/01/2026,955321.857096813,2788162.31939863,4274.21924015229,194489.284666405,28.6468321020453,3.29346463429524,153170.967158745,3952054790.42293,129.239031136757,150.027514992521
11/01/2026,942508.429118291,2795788.90091096,4277.23158803001,194773.327059431,28.6079914473734,3.94029182376492,108467.958380987,4054122412.17653,129.326547093673,148.18338584692
12/01/2026,951498.526510014,2803436.343743,4280.24605892464,195057.784282925,28.0001169235738,7.73929589202668,170932.410747587,3889552040.022,170.060990205244,150.679181665968
01/01/2027,861293.267202336,2811482.52256863,4283.21657915917,195341.177722836,27.3997461735498,10.8118638475107,142902.255384264,3898501643.20299,119.588734917094,137.568657247814
02/01/2027,837948.413818957,2819551.79483594,4286.18916095519,195624.982896337,27.0896233959619,14.7464362017595,92797.4670964303,3845792415.86654,109.781214402894,127.639833916438
03/01/2027,852337.535377027,2827644.2268257,4289.16380574345,195909.200401624,27.366407310653,16.104983713547,242513.412608229,3968839135.29333,122.935086178666,137.25720806302
04/01/2027,867058.220401358,2835759.88500895,4292.14051495567,196193.830837759,27.534983575616,12.9707000413707,112881.285733637,3991025577.59803,116.271565169093,130.065016346175
05/01/2027,900295.542904765,2843898.83604747,4295.11929002458,196478.874804678,27.9958404577944,9.08258375726393,205016.289158661,4025760381.60423,127.041242962341,147.498912691429
06/01/2027,926968.420470579,2852061.14679439,4298.1001323839,196764.332903187,27.8048547362777,5.49217878617237,284257.838522752,4082492326.3744,125.419865323307,136.961098161587
07/01/2027,945294.931897945,2860246.88429471,4301.08304346834,197050.205734965,27.7783260433647,3.51928271432183,158633.911655326,4016700745.31652,130.127839860648,151.852418547651
08/01/2027,959566.595639222,2868456.11578586,4304.06802471361,197336.493902565,28.3457517956566,2.50777823715694,134201.107131299,4105320828.45149,132.97216094305,148.958774075658
09/01/2027,982364.586712893,2876688.90869824,4307.05507755641,197623.198009416,28.7719066555689,2.63305984556115,105153.661328017,4068854102.05814,127.952070764948,146.945384220216
10/01/2027,989216.814419769,2884945.3306558,4310.04420343445,197910.318659822,28.5957347418276,3.53523087757671,149381.477797824,4108055551.02851,134.19363347098,153.668049420856
11/01/2027,976081.329287191,2893225.44947656,4313.03540378644,198197.856458968,28.5622897974154,4.035667887316,103460.972713111,4214159214.53505,134.28450450384,151.779171046121
12/01/2027,985352.020597352,2901529.3331732,4316.02868005206,198485.812012915,27.9669406337188,7.90413556760581,163182.193083747,4043263955.79809,176.580573117774,154.335529293372
01/01/2028,891689.162390098,2909575.44668689,4318.96294686585,198752.350367373,27.3504409745378,10.9173887579963,137471.062062732,4042026388.19545,123.91125077023,140.848730837571
02/01/2028,866901.470213523,2917643.87255219,4321.89920855093,199019.246645119,27.0007689462398,15.1339669888489,86386.2439608004,3987444731.69483,113.749238982817,130.683172832482
03/01/2028,881328.109558124,2925734.67264258,4324.83746646354,199286.501326794,27.3177227772855,16.2141023800184,234489.641083234,4114537410.25904,127.378555367317,140.529855715314
04/01/2028,896532.19387297,2933847.9090031,4327.7777219608,199554.114893681,27.4621820177825,13.1873263609341,107068.930695269,4137438151.79364,120.474182447892,133.16617931166
05/01/2028,930094.982420667,2941983.64385088,4330.71997640079,199822.087827715,27.9579562276396,9.37411634024414,201496.436862572,4173247872.94588,131.633128536575,151.015755101002
06/01/2028,957989.581433532,2950141.93957556,4333.66423114249,200090.420611474,27.8025046725471,5.45996751475948,277156.195616756,4231863920.70018,129.953146459979,140.226685613638
07/01/2028,976532.25004711,2958322.85873979,4336.61048754582,200359.113728185,27.7800214863171,3.48144223836965,152895.07866054,4163872684.19105,134.831289990143,155.473062359865
08/01/2028,990744.429277159,2966526.46407972,4339.55874697161,200628.167661724,28.3262925369455,2.55535420979568,128253.877300585,4255474406.35801,137.778418606872,152.510424215908
09/01/2028,1013679.13687156,2974752.81850546,4342.50901078162,200897.582896618,28.7902677845443,2.69728488609005,92562.2613159816,4217805584.00644,132.576878065622,150.449028753499
10/01/2028,1020198.46569693,2983001.98510158,4345.46128033854,201167.359918043,28.5844457740484,3.53350747302936,143686.758393072,4258540148.00301,139.044041065561,157.331983637985
11/01/2028,1006479.77165815,2991274.02712759,4348.41555700598,201437.499211827,28.5383501930738,4.19031853631198,96615.9287541023,4368537908.86138,139.138196617488,155.398068405326
12/01/2028,1015902.1328226,2999569.00801841,4351.3718421485,201708.001264451,27.958081250877,7.81660737724356,152564.913700064,4191559988.11671,182.963049922019,158.01537835001
01/01/2029,919160.262233392,3008215.74959526,4354.28878891868,201970.284415849,27.3583998267509,10.6330110510509,131715.793157916,4198509158.86078,128.26182531288,144.201201786253
02/01/2029,893902.794366238,3016887.41679965,4357.20769106725,202232.908616939,26.9958378896306,14.9416956782385,79660.5332870779,4141885111.31493,117.743021147781,133.793683930433
03/01/2029,909024.747938695,3025584.08148374,4360.128549905,202495.87431119,27.3530321046156,16.117754554567,225958.937074337,4273395512.64556,131.850868388257,143.874736822205
04/01/2029,924600.125232828,3034305.81570678,4363.05136674359,202759.18194265,27.4598715048014,13.1468634739297,100945.676796443,4297076415.00181,124.704080120189,136.335790743972
05/01/2029,959829.083548553,3043052.69173577,4365.97614289558,203022.831955944,27.9366171165547,9.63443436473535,197665.74313774,4334060829.26418,136.254821356402,154.610220800187
06/01/2029,988598.1754575,3051824.78204603,4368.9028796744,203286.824796275,27.7885306293789,5.44204831130867,269543.441973695,4394733821.36836,134.51585442404,143.564350688461
07/01/2029,1007930.55973214,3060622.15932177,4371.83157839434,203551.160909424,27.7906461979469,3.67544787858477,146806.963669276,4324341358.00829,139.56527156274,159.17362055279
08/01/2029,1022735.68643553,3069444.89645677,4374.76224037061,203815.840741753,28.3010309368423,2.57847433315505,121971.761995246,4419197673.63084,142.615875066972,156.140465917488
09/01/2029,1047092.54642855,3078293.0665549,4377.69486691926,204080.864740204,28.7609874645814,2.84972744729707,79422.3673527948,4380216345.71634,137.231706316254,154.030005274582
10/01/2029,1053427.31759984,3087166.74293079,4380.62945935726,204346.2333523,28.556334741926,3.48356652429321,137652.646635418,4422621237.93013,143.925934046278,161.07678773603
11/01/2029,1039999.62767039,3096065.9991104,4383.56601900245,204611.947026146,28.5245305040111,4.32797181869781,89431.1849631286,4536864834.39187,144.023395438028,159.096841597759
12/01/2029,1049282.64208617,3104990.90883164,4386.50454717353,204878.006210429,27.9322093515206,7.99853432517619,141418.303285375,4353252287.53226,189.386957212829,161.776448557837
